mbid,image_location,genre_label
a3fb800d-a878-3406-8b62-d2b84cfba36e,data/images/a3fb800d-a878-3406-8b62-d2b84cfba36e_22938839480.jpg,pop/rock
f84f027e-9a08-48a9-8fa0-a50ae546e9a5,data/images/f84f027e-9a08-48a9-8fa0-a50ae546e9a5_31656103164.jpg,pop/rock
2a643301-c619-49c3-9972-931c3d683fe9,data/images/2a643301-c619-49c3-9972-931c3d683fe9_11542929611.jpg,classical
4f40cf32-2680-3a23-a9d9-d0fd930db257,data/images/4f40cf32-2680-3a23-a9d9-d0fd930db257_13956378677.jpg,electronic
0d28dded-bc94-4504-b3a0-e5353d9f395a,data/images/0d28dded-bc94-4504-b3a0-e5353d9f395a_36298075655.jpg,pop/rock
0f2ccf4d-d242-3c23-a419-ea548af51df3,data/images/0f2ccf4d-d242-3c23-a419-ea548af51df3_12181847929.jpg,electronic
45eb73f9-ab6c-3264-8337-9c16ff7bd94d,data/images/45eb73f9-ab6c-3264-8337-9c16ff7bd94d_15332490631.jpg,electronic
afd4adae-5eed-42fb-bf79-3e94fb559311,data/images/afd4adae-5eed-42fb-bf79-3e94fb559311_17844005946.jpg,pop/rock
bd47f330-42ea-3f28-b69c-8e33e3665e6b,data/images/bd47f330-42ea-3f28-b69c-8e33e3665e6b_18758411027.jpg,classical
f191f6a4-5ab2-3a4e-b8df-9a637eed6fb8,data/images/f191f6a4-5ab2-3a4e-b8df-9a637eed6fb8_832698841.jpg,pop/rock
7bb61a29-e999-473b-86e4-7da572f44326,data/images/7bb61a29-e999-473b-86e4-7da572f44326_10819020471.jpg,international
01e7b7e5-f475-34d9-9a6e-b8da1ae2b351,data/images/01e7b7e5-f475-34d9-9a6e-b8da1ae2b351_19954139258.jpg,pop/rock
5e26c8a8-0b74-327d-a596-8d3324a010eb,data/images/5e26c8a8-0b74-327d-a596-8d3324a010eb_33024953695.jpg,electronic
3447ebd2-34ed-344e-8217-07a431ac398d,data/images/3447ebd2-34ed-344e-8217-07a431ac398d_31793798958.jpg,electronic
cddfbf34-37a6-41b3-b60e-c8c3bd6a3495,data/images/cddfbf34-37a6-41b3-b60e-c8c3bd6a3495_3044788408.jpg,electronic
08e1a593-cbce-3943-8a90-79c4d8c2b693,data/images/08e1a593-cbce-3943-8a90-79c4d8c2b693_4317457733.jpg,pop/rock
602453ac-3cd1-3243-b53f-554cc63d78eb,data/images/602453ac-3cd1-3243-b53f-554cc63d78eb_24425262004.jpg,pop/rock
bd26ea9e-7d2e-3bba-bd29-b132f94e8e99,data/images/bd26ea9e-7d2e-3bba-bd29-b132f94e8e99_23004255593.jpg,international
80a32b52-f3e8-32cf-bb61-9dc5c4eb212d,data/images/80a32b52-f3e8-32cf-bb61-9dc5c4eb212d_12761262297.jpg,pop/rock
fb5ed62f-4c0e-49d8-9011-239c0d2dac10,data/images/fb5ed62f-4c0e-49d8-9011-239c0d2dac10_23973038795.jpg,electronic
3114525e-8f60-4cc5-a619-f7f1e1dd0242,data/images/3114525e-8f60-4cc5-a619-f7f1e1dd0242_6528870672.jpg,pop/rock
f113fa38-7908-3ec9-8145-d2455e78a8b2,data/images/f113fa38-7908-3ec9-8145-d2455e78a8b2_1831522226.jpg,pop/rock
5e525ac2-7e0f-4f2d-bbd3-7b95422da40e,data/images/5e525ac2-7e0f-4f2d-bbd3-7b95422da40e_31937676583.jpg,pop/rock
f9be857a-ff05-42ec-9980-9345bb21c6db,data/images/f9be857a-ff05-42ec-9980-9345bb21c6db_6165192218.jpg,classical
772aac91-d751-33a5-bd78-3b8ed0a96a24,data/images/772aac91-d751-33a5-bd78-3b8ed0a96a24_25935184327.jpg,pop/rock
969853b8-a360-3e6f-801a-a18d8cfa90c3,data/images/969853b8-a360-3e6f-801a-a18d8cfa90c3_30772694643.jpg,international
da804d0e-6bcf-4b69-b61b-00a756124e79,data/images/da804d0e-6bcf-4b69-b61b-00a756124e79_4060053657.jpg,classical
b44f35b2-0ae7-461c-a526-df86123edb91,data/images/b44f35b2-0ae7-461c-a526-df86123edb91_6221581286.jpg,pop/rock
e47ad139-89f6-39e8-aa84-fe84c45aeb7d,data/images/e47ad139-89f6-39e8-aa84-fe84c45aeb7d_3366759968.jpg,pop/rock
1988094c-20ed-3130-9a78-11248ee7e781,data/images/1988094c-20ed-3130-9a78-11248ee7e781_7749034868.jpg,pop/rock
6b7f762a-2271-3899-a749-d9a60afb239e,data/images/6b7f762a-2271-3899-a749-d9a60afb239e_7385618581.jpg,pop/rock
91d4df17-a58a-4391-9346-7e0e49793f7c,data/images/91d4df17-a58a-4391-9346-7e0e49793f7c_27867728948.jpg,classical
5f1df15e-fec2-4a5e-9d2e-247ef39d3e07,data/images/5f1df15e-fec2-4a5e-9d2e-247ef39d3e07_14197152746.jpg,jazz
d02d33f1-a4f7-4f91-b54a-f81f25dca16c,data/images/d02d33f1-a4f7-4f91-b54a-f81f25dca16c_4762199078.jpg,pop/rock
768c516a-b4c3-3ac5-98d2-11958b164c99,data/images/768c516a-b4c3-3ac5-98d2-11958b164c99_14427294301.jpg,electronic
a8cde19e-6cf8-3eec-b043-8d012aa4fecc,data/images/a8cde19e-6cf8-3eec-b043-8d012aa4fecc_20160893546.jpg,jazz
bf8a9ef2-83d1-4fd7-be39-667bfd8e41e4,data/images/bf8a9ef2-83d1-4fd7-be39-667bfd8e41e4_6890089375.jpg,classical
77e7ea98-51ac-3d79-8c89-c816bb025328,data/images/77e7ea98-51ac-3d79-8c89-c816bb025328_14195870435.jpg,pop/rock
b6f4328b-ecb6-301d-ad83-9325608e798f,data/images/b6f4328b-ecb6-301d-ad83-9325608e798f_20415762055.jpg,pop/rock
751e654b-b308-368c-a3d7-cecebaee4b0d,data/images/751e654b-b308-368c-a3d7-cecebaee4b0d_29521124528.jpg,pop/rock
8c57b605-22df-4dae-b256-76945935f7e2,data/images/8c57b605-22df-4dae-b256-76945935f7e2_3418589627.jpg,classical
519c3183-5ac8-36e0-b8b3-b796f9b7ba97,data/images/519c3183-5ac8-36e0-b8b3-b796f9b7ba97_17745282946.jpg,pop/rock
6879534c-435c-4682-9fb6-8796435d5233,data/images/6879534c-435c-4682-9fb6-8796435d5233_24326144327.jpg,pop/rock
bb7d36a7-5a04-3619-bdeb-5531c48ee9f8,data/images/bb7d36a7-5a04-3619-bdeb-5531c48ee9f8_3727591500.jpg,pop/rock
415f4fdc-8b9c-3a83-98bc-b69cd154663b,data/images/415f4fdc-8b9c-3a83-98bc-b69cd154663b_10113287704.jpg,pop/rock
7189a68b-2db2-33c7-b3fd-c0264ba28679,data/images/7189a68b-2db2-33c7-b3fd-c0264ba28679_2026332583.jpg,jazz
a347d7ec-baf0-3646-8db1-5fdbd055b09b,data/images/a347d7ec-baf0-3646-8db1-5fdbd055b09b_29827878742.jpg,pop/rock
3a745559-6db1-42e9-acae-243c684698ba,data/images/3a745559-6db1-42e9-acae-243c684698ba_15435080545.jpg,pop/rock
527684f7-907d-3f3f-bc95-2b3e020307b8,data/images/527684f7-907d-3f3f-bc95-2b3e020307b8_34871079594.jpg,jazz
6faeedd8-3817-4472-8d14-2b93854f51b4,data/images/6faeedd8-3817-4472-8d14-2b93854f51b4_2367742691.jpg,classical
cf2f7134-6641-3a1e-8354-c257d6bb4b2f,data/images/cf2f7134-6641-3a1e-8354-c257d6bb4b2f_1201386642.jpg,electronic
23a33f91-8cca-4c4d-b990-b5828234f8e4,data/images/23a33f91-8cca-4c4d-b990-b5828234f8e4_7655355148.jpg,classical
d50721e8-36fa-31fc-bfb2-7f6cc1447786,data/images/d50721e8-36fa-31fc-bfb2-7f6cc1447786_29357362533.jpg,electronic
82f39e33-c7c0-345c-840b-ba2fe3ccf9e0,data/images/82f39e33-c7c0-345c-840b-ba2fe3ccf9e0_8522654893.jpg,jazz
0d4b7bb8-b481-45c1-9c95-dfa66068514b,data/images/0d4b7bb8-b481-45c1-9c95-dfa66068514b_14129212307.jpg,jazz
e42096d2-224d-3531-837b-8edbc8f32ada,data/images/e42096d2-224d-3531-837b-8edbc8f32ada_15811615188.jpg,electronic
a96442ad-e887-3c0f-850f-07955cd24943,data/images/a96442ad-e887-3c0f-850f-07955cd24943_13429162782.jpg,electronic
5967a9ad-a0d5-34f7-bd53-f5d4bad80a67,data/images/5967a9ad-a0d5-34f7-bd53-f5d4bad80a67_1557059783.jpg,pop/rock
078ece8b-1eae-326d-924c-ad4bd03af112,data/images/078ece8b-1eae-326d-924c-ad4bd03af112_21194261377.jpg,pop/rock
cda5d037-644c-3182-8bbe-b12a3f77b856,data/images/cda5d037-644c-3182-8bbe-b12a3f77b856_9468614702.jpg,electronic
ba95124e-1369-3801-9f21-88528ea9fc4e,data/images/ba95124e-1369-3801-9f21-88528ea9fc4e_2470828100.jpg,electronic
0c56ccc2-a3c3-428f-bc1b-69be9ffeafc4,data/images/0c56ccc2-a3c3-428f-bc1b-69be9ffeafc4_37157387636.jpg,electronic
5f84e8b9-b8e5-3fbf-b514-0192a62d88b6,data/images/5f84e8b9-b8e5-3fbf-b514-0192a62d88b6_990718896.jpg,pop/rock
521e842f-e4b2-3601-8d1d-06459a7f603b,data/images/521e842f-e4b2-3601-8d1d-06459a7f603b_35180550018.jpg,pop/rock
548761ea-6d17-302c-82e3-66d8c0937ab5,data/images/548761ea-6d17-302c-82e3-66d8c0937ab5_15456226876.jpg,pop/rock
0a1a1e1e-d627-47f5-aee6-8e0ed1acac43,data/images/0a1a1e1e-d627-47f5-aee6-8e0ed1acac43_14731419696.jpg,pop/rock
e8d1fddd-8054-36dd-b338-68483144c56f,data/images/e8d1fddd-8054-36dd-b338-68483144c56f_3387117024.jpg,pop/rock
2221ed36-10e5-31a4-bd39-782a65f4fc99,data/images/2221ed36-10e5-31a4-bd39-782a65f4fc99_5271191912.jpg,pop/rock
857e647b-65d6-47d3-9f7d-a5e10d9baafc,data/images/857e647b-65d6-47d3-9f7d-a5e10d9baafc_15499151947.jpg,pop/rock
1cfbf982-f643-3645-a5f5-5be87854fc78,data/images/1cfbf982-f643-3645-a5f5-5be87854fc78_37298868187.jpg,pop/rock
8c7f7a11-ded4-389b-a71f-be8d87012782,data/images/8c7f7a11-ded4-389b-a71f-be8d87012782_10191468005.jpg,pop/rock
5ea8a67d-c9fd-4e92-b173-1d93ddaa21ab,data/images/5ea8a67d-c9fd-4e92-b173-1d93ddaa21ab_15348593866.jpg,classical
81e126bc-a25c-314c-94f8-5ff80d1a02de,data/images/81e126bc-a25c-314c-94f8-5ff80d1a02de_17797453574.jpg,pop/rock
94fddbf0-8140-4706-93b1-468477313e2c,data/images/94fddbf0-8140-4706-93b1-468477313e2c_32006699080.jpg,pop/rock
717acf44-bbea-4958-90e8-7f71de91fd9e,data/images/717acf44-bbea-4958-90e8-7f71de91fd9e_7546569165.jpg,pop/rock
87e3377a-a715-4f22-8f9c-e7cd80d57c6a,data/images/87e3377a-a715-4f22-8f9c-e7cd80d57c6a_13254679680.jpg,pop/rock
6a2bad47-f73c-4d30-ae21-9e92f5420616,data/images/6a2bad47-f73c-4d30-ae21-9e92f5420616_9140034047.jpg,electronic
7319e3ad-e169-3d18-acfb-7cd770e5887d,data/images/7319e3ad-e169-3d18-acfb-7cd770e5887d_10152388421.jpg,electronic
b6168b5e-11b5-40a8-92d7-ceb2b4dd425b,data/images/b6168b5e-11b5-40a8-92d7-ceb2b4dd425b_22118733237.jpg,classical
bd08c4bd-cb76-40a6-90da-46978750cd0a,data/images/bd08c4bd-cb76-40a6-90da-46978750cd0a_5118480719.jpg,electronic
c2d6fdae-fd92-3f9d-9086-67276d1eb4c3,data/images/c2d6fdae-fd92-3f9d-9086-67276d1eb4c3_5702828129.jpg,electronic
169cb1ab-3c34-4fcc-b7d7-8d27f7ead71c,data/images/169cb1ab-3c34-4fcc-b7d7-8d27f7ead71c_11219067462.jpg,classical
cac5945a-d6f5-3aee-b5f3-ac7ca38f4363,data/images/cac5945a-d6f5-3aee-b5f3-ac7ca38f4363_38017435562.jpg,pop/rock
ba6618be-4c1e-34ff-82c5-f40b06019943,data/images/ba6618be-4c1e-34ff-82c5-f40b06019943_20454172797.jpg,international
ddea7605-05e1-323d-8837-b2e28ec2e795,data/images/ddea7605-05e1-323d-8837-b2e28ec2e795_17936278882.jpg,jazz
c4dae253-a3ed-3e4e-aacb-3f9003df3029,data/images/c4dae253-a3ed-3e4e-aacb-3f9003df3029_15543228718.jpg,pop/rock
30d1bb94-1366-4ef1-8f64-f7b1f613b8ea,data/images/30d1bb94-1366-4ef1-8f64-f7b1f613b8ea_31997724846.jpg,pop/rock
6354acd2-a355-4353-86cf-72c8132bc3b0,data/images/6354acd2-a355-4353-86cf-72c8132bc3b0_4897269401.jpg,pop/rock
246454ff-c890-4f7e-9191-754085939b85,data/images/246454ff-c890-4f7e-9191-754085939b85_36077472116.jpg,pop/rock
7fcb03b3-dd58-30e2-8dae-0a00edda9786,data/images/7fcb03b3-dd58-30e2-8dae-0a00edda9786_1782308984.jpg,electronic
20834a77-7f38-37fa-96ec-1bfb39aa72e7,data/images/20834a77-7f38-37fa-96ec-1bfb39aa72e7_3509077233.jpg,pop/rock
04291f5e-630f-4016-9452-3da3d8f43265,data/images/04291f5e-630f-4016-9452-3da3d8f43265_8974712825.jpg,jazz
795e433a-ac4e-36a4-b0d8-350698c6623b,data/images/795e433a-ac4e-36a4-b0d8-350698c6623b_23368457627.jpg,classical
0f950568-7321-3f20-ac94-97a1218e9caa,data/images/0f950568-7321-3f20-ac94-97a1218e9caa_15856691931.jpg,pop/rock
6e65e813-1c0e-49cd-af23-ad611568a0c7,data/images/6e65e813-1c0e-49cd-af23-ad611568a0c7_36222767811.jpg,classical
d385dba5-d688-3594-a8be-7143d8e28716,data/images/d385dba5-d688-3594-a8be-7143d8e28716_32508407383.jpg,electronic
161f8b51-ee8f-387b-bd73-ff64d6ab8cdf,data/images/161f8b51-ee8f-387b-bd73-ff64d6ab8cdf_13837617049.jpg,pop/rock
b9f1b304-b0c9-4bde-b71e-c0dac938475b,data/images/b9f1b304-b0c9-4bde-b71e-c0dac938475b_5432719987.jpg,classical
931215c6-cbfc-48f9-8272-b4b4ce01eb1b,data/images/931215c6-cbfc-48f9-8272-b4b4ce01eb1b_3971236300.jpg,pop/rock
5aeb6d0d-cc85-359a-8368-086ba2755a4d,data/images/5aeb6d0d-cc85-359a-8368-086ba2755a4d_31509724774.jpg,pop/rock
0c2ff028-27ad-3257-9de7-b1a4069bd248,data/images/0c2ff028-27ad-3257-9de7-b1a4069bd248_19427693000.jpg,pop/rock
7b294688-beab-3401-b9ae-dfed69f1be28,data/images/7b294688-beab-3401-b9ae-dfed69f1be28_6311456321.jpg,pop/rock
03ce9811-24c2-3e6f-9db8-1abe5e8b05a5,data/images/03ce9811-24c2-3e6f-9db8-1abe5e8b05a5_1167473197.jpg,pop/rock
598cab72-c179-4128-b8ef-ae30c97c9315,data/images/598cab72-c179-4128-b8ef-ae30c97c9315_34729395110.jpg,pop/rock
e6f8c9fb-357c-46c4-9712-dbd014e1ebf6,data/images/e6f8c9fb-357c-46c4-9712-dbd014e1ebf6_22714739359.jpg,pop/rock
92f5ce83-060d-4ba1-a6e6-f7673f264b1e,data/images/92f5ce83-060d-4ba1-a6e6-f7673f264b1e_9849924864.jpg,pop/rock
fb0d4741-92db-421c-8a23-88140b5f103c,data/images/fb0d4741-92db-421c-8a23-88140b5f103c_14410211994.jpg,classical
ed2d8a78-2101-4117-95fa-1c29ded013d7,data/images/ed2d8a78-2101-4117-95fa-1c29ded013d7_6038964105.jpg,pop/rock
86050612-c371-3a16-84ae-c21eec369c7d,data/images/86050612-c371-3a16-84ae-c21eec369c7d_1914940185.jpg,international
a082337d-9cbc-30eb-b141-3ad8af0a213a,data/images/a082337d-9cbc-30eb-b141-3ad8af0a213a_4499672832.jpg,international
95a99adb-cceb-4908-9191-eda692da3059,data/images/95a99adb-cceb-4908-9191-eda692da3059_16382575488.jpg,jazz
335e784a-bb5f-4e3b-a865-988b5114f17a,data/images/335e784a-bb5f-4e3b-a865-988b5114f17a_23396910763.jpg,classical
74005554-6fdf-47fb-808b-e15986312fc2,data/images/74005554-6fdf-47fb-808b-e15986312fc2_9473942196.jpg,classical
7a26d22c-c3b9-38d5-bbf3-06821dbf3d63,data/images/7a26d22c-c3b9-38d5-bbf3-06821dbf3d63_26504796387.jpg,pop/rock
b84b68f3-5c89-32b6-9aae-f57a092d9803,data/images/b84b68f3-5c89-32b6-9aae-f57a092d9803_9635838538.jpg,electronic
b3192a19-d5a5-4f5d-b752-c499e84d1776,data/images/b3192a19-d5a5-4f5d-b752-c499e84d1776_11879820589.jpg,classical
5904900d-a495-4ff8-b054-a9e5cbb0f293,data/images/5904900d-a495-4ff8-b054-a9e5cbb0f293_37567400913.jpg,electronic
35b99f5b-c895-38da-a21c-2df28a2327a3,data/images/35b99f5b-c895-38da-a21c-2df28a2327a3_9505643296.jpg,electronic
8cc00dd8-318a-42dd-a166-cd0fc93e647e,data/images/8cc00dd8-318a-42dd-a166-cd0fc93e647e_3366755901.jpg,pop/rock
a7e7dd3b-95cb-393a-a27b-3021c2d7518f,data/images/a7e7dd3b-95cb-393a-a27b-3021c2d7518f_1236700138.jpg,pop/rock
d8f02ce9-bd22-3606-98ff-2a0ebf0acce1,data/images/d8f02ce9-bd22-3606-98ff-2a0ebf0acce1_33045797426.jpg,pop/rock
1723b4fa-462c-39cd-b499-9723f0233488,data/images/1723b4fa-462c-39cd-b499-9723f0233488_2558881647.jpg,electronic
78b196d4-bb7a-377e-9f4a-ce8dec9e0167,data/images/78b196d4-bb7a-377e-9f4a-ce8dec9e0167_29160157476.jpg,pop/rock
34f92962-9fbd-3757-bc79-e8b4e7a81d69,data/images/34f92962-9fbd-3757-bc79-e8b4e7a81d69_10730721185.jpg,pop/rock
40dee406-eb05-306b-8aa3-650c9a7b198a,data/images/40dee406-eb05-306b-8aa3-650c9a7b198a_2482993129.jpg,classical
106b859f-457b-35d1-8bd6-6300705ea62d,data/images/106b859f-457b-35d1-8bd6-6300705ea62d_26134792616.jpg,pop/rock
f4daf519-c6c7-3ee2-8219-ebc3f8849ffa,data/images/f4daf519-c6c7-3ee2-8219-ebc3f8849ffa_12077298429.jpg,electronic
6b66f366-bdae-3450-898c-794e65d6703f,data/images/6b66f366-bdae-3450-898c-794e65d6703f_7034580692.jpg,pop/rock
bea613ef-186a-3bf7-9fe3-e129e7fd5ab4,data/images/bea613ef-186a-3bf7-9fe3-e129e7fd5ab4_3106856910.jpg,electronic
f95c4896-659e-3022-8c18-bcec794d4d0d,data/images/f95c4896-659e-3022-8c18-bcec794d4d0d_31473101976.jpg,pop/rock
82a3654a-6755-4113-9a80-074effb884fa,data/images/82a3654a-6755-4113-9a80-074effb884fa_7101274861.jpg,classical
14c2c375-8434-3096-8c1f-88a635709385,data/images/14c2c375-8434-3096-8c1f-88a635709385_9458798093.jpg,pop/rock
8a7eb6ef-5985-44c3-b5c4-a0adc37407bd,data/images/8a7eb6ef-5985-44c3-b5c4-a0adc37407bd_2384442936.jpg,pop/rock
031ab435-6577-3e54-97b1-7165ba0539a7,data/images/031ab435-6577-3e54-97b1-7165ba0539a7_33969723004.jpg,pop/rock
827355a5-681c-45d4-bf55-1d60a74f7d50,data/images/827355a5-681c-45d4-bf55-1d60a74f7d50_13330319139.jpg,pop/rock
017f2a37-a78f-3578-9611-fa40408e5d90,data/images/017f2a37-a78f-3578-9611-fa40408e5d90_33454653663.jpg,pop/rock
81f26831-9c03-34c6-bea4-2e64490e8b43,data/images/81f26831-9c03-34c6-bea4-2e64490e8b43_8724815640.jpg,pop/rock
7dab1972-3157-4348-b780-2fcd3fef402c,data/images/7dab1972-3157-4348-b780-2fcd3fef402c_14003603080.jpg,classical
1cf0ca10-7ce6-38df-a698-9541fdf791c8,data/images/1cf0ca10-7ce6-38df-a698-9541fdf791c8_9526410142.jpg,electronic
5e851079-2c81-37e2-a7ef-bdb075bc81ef,data/images/5e851079-2c81-37e2-a7ef-bdb075bc81ef_34325771552.jpg,pop/rock
b409e2ef-4f55-39a9-9f5c-9ee28ce266c2,data/images/b409e2ef-4f55-39a9-9f5c-9ee28ce266c2_37540394032.jpg,international
ca96c167-ee84-44c0-b20e-9720bb752d81,data/images/ca96c167-ee84-44c0-b20e-9720bb752d81_14282721898.jpg,jazz
5ef7efd6-fac9-31df-9c5e-8a5e18085515,data/images/5ef7efd6-fac9-31df-9c5e-8a5e18085515_11983120940.jpg,classical
f14059b7-d86f-467e-8ae4-5fb811ebb4a0,data/images/f14059b7-d86f-467e-8ae4-5fb811ebb4a0_26357343737.jpg,classical
90927e1b-6634-457d-b17c-67820b426f98,data/images/90927e1b-6634-457d-b17c-67820b426f98_4523526911.jpg,electronic
7df1b431-bcdf-3d2f-87f1-dcde05c35f71,data/images/7df1b431-bcdf-3d2f-87f1-dcde05c35f71_10971536970.jpg,international
0f45bc1f-2b65-3b35-b5ae-9e8775a41020,data/images/0f45bc1f-2b65-3b35-b5ae-9e8775a41020_13675706609.jpg,pop/rock
f6987500-a23f-4c99-9804-1d50d6a3f423,data/images/f6987500-a23f-4c99-9804-1d50d6a3f423_15024772667.jpg,classical
1cca26b0-268c-3b07-991e-d2008739af15,data/images/1cca26b0-268c-3b07-991e-d2008739af15_20924002247.jpg,pop/rock
4d7ddcc0-afff-3d00-901f-7164db7d3370,data/images/4d7ddcc0-afff-3d00-901f-7164db7d3370_32718822587.jpg,pop/rock
0b179fc8-8785-461e-bd93-0f97d0dfab9d,data/images/0b179fc8-8785-461e-bd93-0f97d0dfab9d_10061243052.jpg,pop/rock
679adcf9-cd8f-3959-8ecd-556b2460b88a,data/images/679adcf9-cd8f-3959-8ecd-556b2460b88a_37757066119.jpg,electronic
591779bc-6b40-4c27-b815-bc866696fbb9,data/images/591779bc-6b40-4c27-b815-bc866696fbb9_14599871833.jpg,classical
658c5e18-5e92-348d-91bb-a34f7cdd6ea3,data/images/658c5e18-5e92-348d-91bb-a34f7cdd6ea3_24471768215.jpg,pop/rock
027f33bb-9987-4fa9-a444-4eda5e70cc37,data/images/027f33bb-9987-4fa9-a444-4eda5e70cc37_25937791776.jpg,classical
21bed868-05b1-3fb9-bb09-f3db8f88cb6c,data/images/21bed868-05b1-3fb9-bb09-f3db8f88cb6c_14362528009.jpg,pop/rock
b5529b2f-5c80-40ee-bc9c-8ad0f41642ca,data/images/b5529b2f-5c80-40ee-bc9c-8ad0f41642ca_22954504490.jpg,classical
648e4f0f-bcff-306d-bc16-bc01d0a10665,data/images/648e4f0f-bcff-306d-bc16-bc01d0a10665_27842716436.jpg,pop/rock
66028c72-cd14-4d15-b6ed-583a187381d1,data/images/66028c72-cd14-4d15-b6ed-583a187381d1_15473303161.jpg,pop/rock
36ef5b94-84c1-41a8-80c7-f766a6da7e2f,data/images/36ef5b94-84c1-41a8-80c7-f766a6da7e2f_34790699439.jpg,pop/rock
4db60834-b63a-4901-92dc-6524e1808238,data/images/4db60834-b63a-4901-92dc-6524e1808238_31576046896.jpg,pop/rock
f30d7ef4-c02e-4ff0-8cc8-4b62e9150330,data/images/f30d7ef4-c02e-4ff0-8cc8-4b62e9150330_8632632889.jpg,classical
4f39a5c8-a3fb-316c-a1da-642340e7fff4,data/images/4f39a5c8-a3fb-316c-a1da-642340e7fff4_28455745486.jpg,pop/rock
85d1d4fc-20f0-4c80-a693-7377c1fbfe76,data/images/85d1d4fc-20f0-4c80-a693-7377c1fbfe76_18941030964.jpg,pop/rock
60850f99-6512-3344-a3e9-a5e91b6a5c8e,data/images/60850f99-6512-3344-a3e9-a5e91b6a5c8e_19792509634.jpg,pop/rock
0f92c8d3-492a-4e5c-87be-4480b66bb658,data/images/0f92c8d3-492a-4e5c-87be-4480b66bb658_11170632861.jpg,pop/rock
d61ff3c3-52dc-3211-a8b4-26c4402270db,data/images/d61ff3c3-52dc-3211-a8b4-26c4402270db_8546522353.jpg,pop/rock
9953d6be-9428-3e24-ac09-b85cc8e33989,data/images/9953d6be-9428-3e24-ac09-b85cc8e33989_12337906565.jpg,electronic
0cd6dda2-7222-4e06-9ed8-a8674ae78377,data/images/0cd6dda2-7222-4e06-9ed8-a8674ae78377_6329850699.jpg,pop/rock
f3ede035-8322-3cc5-8a9b-02b62e6b6185,data/images/f3ede035-8322-3cc5-8a9b-02b62e6b6185_35921225057.jpg,pop/rock
b1dd3229-4704-3768-b1ee-85731c4a3a38,data/images/b1dd3229-4704-3768-b1ee-85731c4a3a38_3766293602.jpg,classical
8e242a19-324b-38ef-9527-20c1b56e30cb,data/images/8e242a19-324b-38ef-9527-20c1b56e30cb_34542576800.jpg,pop/rock
5b9ef4d2-f72f-4824-93f3-aef1a7570b01,data/images/5b9ef4d2-f72f-4824-93f3-aef1a7570b01_13928783805.jpg,pop/rock
9749bb20-ff2e-4d30-bf53-eb6f0fdbcb09,data/images/9749bb20-ff2e-4d30-bf53-eb6f0fdbcb09_15731049649.jpg,pop/rock
7c0f0ed8-f7d5-4b34-89b8-1c7b68ae5886,data/images/7c0f0ed8-f7d5-4b34-89b8-1c7b68ae5886_14502255072.jpg,pop/rock
f0731ed9-b6fd-3b1f-b95c-1c55041e492b,data/images/f0731ed9-b6fd-3b1f-b95c-1c55041e492b_33833404056.jpg,pop/rock
843e6fcb-f7d0-4985-923d-f4a289437935,data/images/843e6fcb-f7d0-4985-923d-f4a289437935_34401080690.jpg,pop/rock
46cd9bf8-6105-39c8-a4a6-c9af27ac13bf,data/images/46cd9bf8-6105-39c8-a4a6-c9af27ac13bf_30275054601.jpg,pop/rock
5a1e4a88-20af-3db3-9320-ad97d417d7b1,data/images/5a1e4a88-20af-3db3-9320-ad97d417d7b1_16256223840.jpg,pop/rock
2002e6a9-eba1-32e5-b61e-d148017c29be,data/images/2002e6a9-eba1-32e5-b61e-d148017c29be_7300743207.jpg,pop/rock
af55aa7c-2923-39d4-b8f4-3e8e48e2cf38,data/images/af55aa7c-2923-39d4-b8f4-3e8e48e2cf38_3097521691.jpg,pop/rock
956c74fb-430a-3b35-a8a9-68319d3bee2d,data/images/956c74fb-430a-3b35-a8a9-68319d3bee2d_7754380019.jpg,pop/rock
79077465-c331-4456-84dd-7fa474a9d350,data/images/79077465-c331-4456-84dd-7fa474a9d350_14012572436.jpg,classical
8a0629a5-a50c-41d3-978d-b2f9608e9c03,data/images/8a0629a5-a50c-41d3-978d-b2f9608e9c03_32394172819.jpg,pop/rock
e969e40d-bc0d-4efc-8a41-d77e98b85ebd,data/images/e969e40d-bc0d-4efc-8a41-d77e98b85ebd_7267319023.jpg,pop/rock
7e0580dd-bb11-38f0-bcf7-2407d2ae6c34,data/images/7e0580dd-bb11-38f0-bcf7-2407d2ae6c34_10256708384.jpg,electronic
eb586922-a403-4cb0-81bd-fa6862d6b250,data/images/eb586922-a403-4cb0-81bd-fa6862d6b250_5905163603.jpg,jazz
196b9dd9-ded8-39c4-bb18-67d60653f714,data/images/196b9dd9-ded8-39c4-bb18-67d60653f714_26305180035.jpg,electronic
565ad351-157b-3f13-bca9-1dbff379b235,data/images/565ad351-157b-3f13-bca9-1dbff379b235_10108105593.jpg,electronic
35c7db6b-0cc3-4f16-84aa-b6d42065dcd4,data/images/35c7db6b-0cc3-4f16-84aa-b6d42065dcd4_19626632296.jpg,pop/rock
d6e00489-b2e8-4fe9-87bd-2587f1572e5d,data/images/d6e00489-b2e8-4fe9-87bd-2587f1572e5d_15455234439.jpg,classical
391b5c36-951c-43e0-8a1b-230baebdadbd,data/images/391b5c36-951c-43e0-8a1b-230baebdadbd_24465554816.jpg,classical
cd39f1cc-50bc-4e80-8e48-648797d7abc4,data/images/cd39f1cc-50bc-4e80-8e48-648797d7abc4_1812325685.jpg,international
979a5a3a-02c3-3907-a069-26aafa1b88e3,data/images/979a5a3a-02c3-3907-a069-26aafa1b88e3_8143531554.jpg,jazz
22cdbb6b-4069-4557-ba66-c7458510ec43,data/images/22cdbb6b-4069-4557-ba66-c7458510ec43_2917077049.jpg,electronic
4d950b73-a9a6-3c99-9fc0-4f7ef2c29910,data/images/4d950b73-a9a6-3c99-9fc0-4f7ef2c29910_38529886592.jpg,pop/rock
c22060f5-71e6-3a25-894c-6916fcf0f60d,data/images/c22060f5-71e6-3a25-894c-6916fcf0f60d_10992824333.jpg,pop/rock
7fbcf3e5-fa25-3528-89bf-2b020591f4ee,data/images/7fbcf3e5-fa25-3528-89bf-2b020591f4ee_9326958165.jpg,pop/rock
c24481f1-2b33-4710-885d-787ff679ccaa,data/images/c24481f1-2b33-4710-885d-787ff679ccaa_12259927169.jpg,jazz
ab13e90b-1060-4c0e-bf73-44de4f86d3e7,data/images/ab13e90b-1060-4c0e-bf73-44de4f86d3e7_2834302983.jpg,electronic
ee093884-6e79-31d7-a113-741005a6e032,data/images/ee093884-6e79-31d7-a113-741005a6e032_8915189795.jpg,pop/rock
dbcfd989-5c07-4943-adc3-ca86b57c2a59,data/images/dbcfd989-5c07-4943-adc3-ca86b57c2a59_24257497666.jpg,classical
fd6941c2-cccf-3635-b186-384f4d3931c9,data/images/fd6941c2-cccf-3635-b186-384f4d3931c9_9705068095.jpg,pop/rock
d55868ec-6477-4f30-b5cf-a0c406342cff,data/images/d55868ec-6477-4f30-b5cf-a0c406342cff_23143244165.jpg,pop/rock
188f35c9-6b03-43d2-ab85-46bfbea9e073,data/images/188f35c9-6b03-43d2-ab85-46bfbea9e073_4430036160.jpg,classical
f047dfc3-b7ee-4aa2-9a06-532a35110088,data/images/f047dfc3-b7ee-4aa2-9a06-532a35110088_37797850721.jpg,pop/rock
9fc8fb3e-ce8c-3ae4-83be-36f604700b0a,data/images/9fc8fb3e-ce8c-3ae4-83be-36f604700b0a_21617962297.jpg,pop/rock
716b2a3e-d18d-3016-a352-c799e1b398d4,data/images/716b2a3e-d18d-3016-a352-c799e1b398d4_35560453083.jpg,electronic
189ce6b1-83a9-4300-977d-fa5dfbd3b586,data/images/189ce6b1-83a9-4300-977d-fa5dfbd3b586_4853427923.jpg,pop/rock
db349d06-fb52-3064-86bb-9c0b86802942,data/images/db349d06-fb52-3064-86bb-9c0b86802942_5592086933.jpg,pop/rock
5d8b1b17-ddd8-3fad-9c69-28401da19d44,data/images/5d8b1b17-ddd8-3fad-9c69-28401da19d44_1398443844.jpg,pop/rock
1f1d553d-cbac-42ae-92fa-92ef875c40bc,data/images/1f1d553d-cbac-42ae-92fa-92ef875c40bc_15903414514.jpg,jazz
c192ea46-7377-34f0-b332-dd9810edd560,data/images/c192ea46-7377-34f0-b332-dd9810edd560_10560219656.jpg,pop/rock
b0dc646a-a6f0-3d6c-9c51-a6cb11fd7895,data/images/b0dc646a-a6f0-3d6c-9c51-a6cb11fd7895_12095307251.jpg,pop/rock
462bea7f-2935-38b7-8b56-7de8ffc9f0c2,data/images/462bea7f-2935-38b7-8b56-7de8ffc9f0c2_30727815995.jpg,pop/rock
a9632303-f816-3697-9885-f6401e5a89db,data/images/a9632303-f816-3697-9885-f6401e5a89db_15281369185.jpg,jazz
ae73a96e-01fa-3ac2-8985-fbd955300be8,data/images/ae73a96e-01fa-3ac2-8985-fbd955300be8_28755121830.jpg,pop/rock
e60b9fc4-8baf-3068-b98c-7a42d30a2250,data/images/e60b9fc4-8baf-3068-b98c-7a42d30a2250_33037737032.jpg,international
53f4ac2f-e692-465e-905f-6affc376014b,data/images/53f4ac2f-e692-465e-905f-6affc376014b_37917878805.jpg,electronic
8df10c3f-d698-303c-afe3-1435ce6a2f34,data/images/8df10c3f-d698-303c-afe3-1435ce6a2f34_20965712934.jpg,pop/rock
c3f2f0b2-f725-4b9e-8214-5da5d014e5d2,data/images/c3f2f0b2-f725-4b9e-8214-5da5d014e5d2_33777215055.jpg,pop/rock
691e8625-e95b-4cf6-9301-e4ed7b113cd1,data/images/691e8625-e95b-4cf6-9301-e4ed7b113cd1_1703192958.jpg,pop/rock
617d00a9-21f5-4c7c-b1d8-871629e5d61f,data/images/617d00a9-21f5-4c7c-b1d8-871629e5d61f_32606929803.jpg,pop/rock
6fcbde75-36c8-33fe-acf9-0db5e6096004,data/images/6fcbde75-36c8-33fe-acf9-0db5e6096004_35462196459.jpg,electronic
01bae41c-4407-3863-94a5-267021c2a6ac,data/images/01bae41c-4407-3863-94a5-267021c2a6ac_6703269139.jpg,electronic
1b65edb4-ae56-33a5-b047-c0f7a9c73a3a,data/images/1b65edb4-ae56-33a5-b047-c0f7a9c73a3a_30952429058.jpg,electronic
49664ee2-3a20-4cd7-a26a-51390d252456,data/images/49664ee2-3a20-4cd7-a26a-51390d252456_37549060288.jpg,pop/rock
55b1383d-7138-39ff-a617-1131ff78d85c,data/images/55b1383d-7138-39ff-a617-1131ff78d85c_12833516682.jpg,pop/rock
8485ee8d-8677-4517-af43-793c3fade239,data/images/8485ee8d-8677-4517-af43-793c3fade239_3639874041.jpg,electronic
7bad4185-9960-3723-8974-2daefcb58b0a,data/images/7bad4185-9960-3723-8974-2daefcb58b0a_22701146116.jpg,classical
36f380d6-67db-3522-bb83-f97db5a509cd,data/images/36f380d6-67db-3522-bb83-f97db5a509cd_1630634205.jpg,electronic
4fc13dc8-875a-311d-aa46-302f4c8ee89d,data/images/4fc13dc8-875a-311d-aa46-302f4c8ee89d_3482403335.jpg,electronic
de0c7d17-cfe2-3476-82b9-cce760f6fc8a,data/images/de0c7d17-cfe2-3476-82b9-cce760f6fc8a_3809697933.jpg,pop/rock
7d88fcc3-7603-3c1e-9d1a-791f0a22aff5,data/images/7d88fcc3-7603-3c1e-9d1a-791f0a22aff5_8545179928.jpg,pop/rock
a827414d-41df-32d5-963f-fa3a9b756dd1,data/images/a827414d-41df-32d5-963f-fa3a9b756dd1_35163743452.jpg,pop/rock
21f85ae9-6633-47a4-8e4d-84eab643127c,data/images/21f85ae9-6633-47a4-8e4d-84eab643127c_15179389763.jpg,pop/rock
15bfe78a-7482-4444-8539-fbe145018cdd,data/images/15bfe78a-7482-4444-8539-fbe145018cdd_15048448622.jpg,pop/rock
8cbcb454-636e-445c-b847-49888c9c578c,data/images/8cbcb454-636e-445c-b847-49888c9c578c_31516264618.jpg,pop/rock
55f1470a-8c82-3a84-9464-b5ed75cf0eab,data/images/55f1470a-8c82-3a84-9464-b5ed75cf0eab_30807374831.jpg,electronic
0e2459db-8923-3ac1-9512-c1271053ecb9,data/images/0e2459db-8923-3ac1-9512-c1271053ecb9_28751040172.jpg,classical
723dcf4d-800e-3479-87fb-ba5b9594e375,data/images/723dcf4d-800e-3479-87fb-ba5b9594e375_2505741041.jpg,pop/rock
2c47f32d-51c4-33be-9785-17a1af1f4387,data/images/2c47f32d-51c4-33be-9785-17a1af1f4387_15902499271.jpg,pop/rock
d0b8acef-7e87-4b5f-8531-ee8da0b68cc2,data/images/d0b8acef-7e87-4b5f-8531-ee8da0b68cc2_11167231467.jpg,classical
dd67fe10-d9ff-4ef9-9679-a6b306032e2e,data/images/dd67fe10-d9ff-4ef9-9679-a6b306032e2e_28064786749.jpg,electronic
66e533ae-3405-4926-8ce8-195a140e60f0,data/images/66e533ae-3405-4926-8ce8-195a140e60f0_6411154897.jpg,classical
ea039fc9-2c3b-38c2-81a0-3592c1033555,data/images/ea039fc9-2c3b-38c2-81a0-3592c1033555_15089491253.jpg,jazz
12694f96-8b8d-329c-85a2-8984b9da4bca,data/images/12694f96-8b8d-329c-85a2-8984b9da4bca_11177841364.jpg,international
1f6af666-a098-4774-9ae1-6a2e9daa1d83,data/images/1f6af666-a098-4774-9ae1-6a2e9daa1d83_10390268701.jpg,pop/rock
681cc560-f77c-4044-9fdd-e3879a90812e,data/images/681cc560-f77c-4044-9fdd-e3879a90812e_19798217652.jpg,jazz
0b811780-1827-3499-adbe-69e6e3e05e1e,data/images/0b811780-1827-3499-adbe-69e6e3e05e1e_17046445084.jpg,classical
ad946575-9a0c-3c1f-9a4a-42eb33079501,data/images/ad946575-9a0c-3c1f-9a4a-42eb33079501_25841219422.jpg,jazz
8813c40d-b4c7-4b7b-8d32-b79d49be17e5,data/images/8813c40d-b4c7-4b7b-8d32-b79d49be17e5_19878739636.jpg,pop/rock
516165e5-1a7d-42b2-90ab-c0526adceacd,data/images/516165e5-1a7d-42b2-90ab-c0526adceacd_8154031977.jpg,electronic
ef7803c0-a5fa-4a4a-872c-5e46f5a94855,data/images/ef7803c0-a5fa-4a4a-872c-5e46f5a94855_9890770328.jpg,classical
2af48904-64d4-3bb7-9242-71a1040f957a,data/images/2af48904-64d4-3bb7-9242-71a1040f957a_14348552227.jpg,electronic
22d96c4c-0d93-4fc0-8ed0-fb187b08fd0f,data/images/22d96c4c-0d93-4fc0-8ed0-fb187b08fd0f_37437627069.jpg,classical
71ecf201-2c75-3ec4-98c8-207f0b7684df,data/images/71ecf201-2c75-3ec4-98c8-207f0b7684df_6521369399.jpg,pop/rock
871f06fe-3bac-3236-8487-6be7f5a5ca3c,data/images/871f06fe-3bac-3236-8487-6be7f5a5ca3c_3090905106.jpg,pop/rock
27cfb347-6f77-3315-942d-431aaa85b70d,data/images/27cfb347-6f77-3315-942d-431aaa85b70d_38495421750.jpg,pop/rock
9f6bb00e-6adb-4556-b991-5201e27dafcc,data/images/9f6bb00e-6adb-4556-b991-5201e27dafcc_19986596287.jpg,pop/rock
ef36c622-aefa-3278-9352-547868331d7e,data/images/ef36c622-aefa-3278-9352-547868331d7e_31509190606.jpg,electronic
d2a8a442-b2f8-3734-9070-b5d3e52e9ef4,data/images/d2a8a442-b2f8-3734-9070-b5d3e52e9ef4_11886014672.jpg,classical
909a1668-1039-3460-b182-98bc293d5835,data/images/909a1668-1039-3460-b182-98bc293d5835_14684753886.jpg,jazz
3981d2d4-c19a-35d3-beb6-2afa3d848df8,data/images/3981d2d4-c19a-35d3-beb6-2afa3d848df8_37899657047.jpg,pop/rock
bb0978ca-3e76-3459-ac16-8227056b38dc,data/images/bb0978ca-3e76-3459-ac16-8227056b38dc_1106175281.jpg,international
ea233d3f-3908-30dd-885c-a8f326657ea7,data/images/ea233d3f-3908-30dd-885c-a8f326657ea7_4389670529.jpg,classical
f5df2010-1ed9-352b-88a5-41862c4cc003,data/images/f5df2010-1ed9-352b-88a5-41862c4cc003_14120304991.jpg,international
bc596d2c-1fc3-4906-8184-dab22abe1533,data/images/bc596d2c-1fc3-4906-8184-dab22abe1533_5181143192.jpg,electronic
04cfff6b-3e21-350f-a0d3-583c008d9b92,data/images/04cfff6b-3e21-350f-a0d3-583c008d9b92_9071770030.jpg,electronic
41677ea0-8681-4ac2-add6-dd29c856da3c,data/images/41677ea0-8681-4ac2-add6-dd29c856da3c_18686517358.jpg,pop/rock
e9a102a5-6990-4b3a-bbfe-78f9cbfefc4d,data/images/e9a102a5-6990-4b3a-bbfe-78f9cbfefc4d_23836714029.jpg,pop/rock
56c86c28-19d5-351d-9b4d-678cd97eb7e8,data/images/56c86c28-19d5-351d-9b4d-678cd97eb7e8_25789336504.jpg,pop/rock
cb07edf5-ac2e-3693-919b-e20ebe713f38,data/images/cb07edf5-ac2e-3693-919b-e20ebe713f38_18748508456.jpg,classical
f2f05fd5-48e7-34a8-bc06-3ec6e281da95,data/images/f2f05fd5-48e7-34a8-bc06-3ec6e281da95_5530370751.jpg,jazz
c6f33cef-481b-340e-9518-178489ee3512,data/images/c6f33cef-481b-340e-9518-178489ee3512_29796628667.jpg,electronic
bf8eed0c-96d6-4422-9d95-06bed63569ea,data/images/bf8eed0c-96d6-4422-9d95-06bed63569ea_9401282719.jpg,classical
485b5bf1-20e1-4c68-acb2-19a7aff8f5c2,data/images/485b5bf1-20e1-4c68-acb2-19a7aff8f5c2_30836220728.jpg,pop/rock
cfb18e79-83bc-3dcc-ada4-e5fde345af8f,data/images/cfb18e79-83bc-3dcc-ada4-e5fde345af8f_21798692507.jpg,pop/rock
a2564b02-3f1c-49c8-8c3c-47f22d5d3689,data/images/a2564b02-3f1c-49c8-8c3c-47f22d5d3689_20733482972.jpg,pop/rock
966fede2-31b2-3b6a-ab50-4a650d3bb97d,data/images/966fede2-31b2-3b6a-ab50-4a650d3bb97d_20675162017.jpg,jazz
39d235ff-f42c-4d57-8e0e-8c7fb804623f,data/images/39d235ff-f42c-4d57-8e0e-8c7fb804623f_13754131744.jpg,classical
13f4a7af-9c0a-393b-ae2c-d528cbb0a7b6,data/images/13f4a7af-9c0a-393b-ae2c-d528cbb0a7b6_15754312922.jpg,international
b6879a24-161c-4b6a-ac5c-13f623d88d34,data/images/b6879a24-161c-4b6a-ac5c-13f623d88d34_10527628432.jpg,international
1357ee60-41b7-3c87-8e96-4f0044659739,data/images/1357ee60-41b7-3c87-8e96-4f0044659739_5832185240.jpg,pop/rock
d3732e37-8354-4497-b102-7163152d01ad,data/images/d3732e37-8354-4497-b102-7163152d01ad_5320610993.jpg,jazz
27d55945-ee84-48f2-a086-21fc5cb39817,data/images/27d55945-ee84-48f2-a086-21fc5cb39817_19128843006.jpg,pop/rock
6a2c3587-d053-3fdf-b909-217f0df79acb,data/images/6a2c3587-d053-3fdf-b909-217f0df79acb_20281148905.jpg,pop/rock
7db89468-c11f-3eec-b3da-4bdd0fce910f,data/images/7db89468-c11f-3eec-b3da-4bdd0fce910f_17088020898.jpg,pop/rock
6ecd6511-7865-3bba-a2ac-6a34492942d7,data/images/6ecd6511-7865-3bba-a2ac-6a34492942d7_7639925870.jpg,classical
b48ee0ac-7f86-37b1-bb7c-5a745bf7ff44,data/images/b48ee0ac-7f86-37b1-bb7c-5a745bf7ff44_2332807583.jpg,electronic
1dc12ae2-dfe7-496b-ac76-7aa0dd0e22d9,data/images/1dc12ae2-dfe7-496b-ac76-7aa0dd0e22d9_7053474445.jpg,pop/rock
07e2f62c-2c15-35af-9e07-20a00654bc96,data/images/07e2f62c-2c15-35af-9e07-20a00654bc96_4076726160.jpg,international
3e6a00bf-bdd6-3831-b0e1-dc8c488f67fe,data/images/3e6a00bf-bdd6-3831-b0e1-dc8c488f67fe_22962046844.jpg,pop/rock
a832910d-b031-4edb-bae9-be3ec320d299,data/images/a832910d-b031-4edb-bae9-be3ec320d299_15170570535.jpg,classical
935fccc4-064a-339c-ba4c-b0acee6ff5eb,data/images/935fccc4-064a-339c-ba4c-b0acee6ff5eb_3258481867.jpg,international
91cda7c8-18c6-3d53-a361-6f776331488f,data/images/91cda7c8-18c6-3d53-a361-6f776331488f_33232673766.jpg,pop/rock
37a7c7f5-6083-3863-b009-04ee10a67ce6,data/images/37a7c7f5-6083-3863-b009-04ee10a67ce6_2834628179.jpg,electronic
28eb3a3f-41f8-4fb4-8e0e-34087123d4f0,data/images/28eb3a3f-41f8-4fb4-8e0e-34087123d4f0_11040533126.jpg,pop/rock
29da6d90-12b2-338a-90fd-4b8821edb138,data/images/29da6d90-12b2-338a-90fd-4b8821edb138_17891256390.jpg,classical
3037a24c-de81-44da-ac39-e06ca65eaaa7,data/images/3037a24c-de81-44da-ac39-e06ca65eaaa7_3412481510.jpg,pop/rock
46b38f09-e90b-39eb-b04f-002da20f7f96,data/images/46b38f09-e90b-39eb-b04f-002da20f7f96_6505314487.jpg,electronic
a729eb8f-0210-441d-8b34-14e1b81a5a0d,data/images/a729eb8f-0210-441d-8b34-14e1b81a5a0d_10521595224.jpg,electronic
ce6a7e89-7e74-4ef1-a095-309f13ddb17a,data/images/ce6a7e89-7e74-4ef1-a095-309f13ddb17a_24449901573.jpg,pop/rock
c054b33c-3dbd-377c-acc4-aae7531197fa,data/images/c054b33c-3dbd-377c-acc4-aae7531197fa_33191620632.jpg,pop/rock
53a0cc0e-b2a1-3701-a09e-ad2c65e9fda6,data/images/53a0cc0e-b2a1-3701-a09e-ad2c65e9fda6_7574810923.jpg,pop/rock
aeb0a873-a50f-3521-aae5-c44537cc14fc,data/images/aeb0a873-a50f-3521-aae5-c44537cc14fc_21811944356.jpg,classical
63875bf9-f857-3444-aa0f-88f294d78c9b,data/images/63875bf9-f857-3444-aa0f-88f294d78c9b_31998248497.jpg,electronic
3349986b-ed38-3fd8-b4b1-68ca779b03d3,data/images/3349986b-ed38-3fd8-b4b1-68ca779b03d3_2985952164.jpg,electronic
761b4328-c2f2-3101-97a7-2855d41dae6b,data/images/761b4328-c2f2-3101-97a7-2855d41dae6b_19541845877.jpg,pop/rock
3c01f40d-171a-383e-a8fa-dfded3f132f1,data/images/3c01f40d-171a-383e-a8fa-dfded3f132f1_16710742716.jpg,pop/rock
f0d9e42f-3321-3b8d-a7f0-9ab74232f6c9,data/images/f0d9e42f-3321-3b8d-a7f0-9ab74232f6c9_23425834164.jpg,pop/rock
d9be7e6a-8a97-30ec-b625-3f9313178450,data/images/d9be7e6a-8a97-30ec-b625-3f9313178450_14774516042.jpg,electronic
970a9c46-5da7-438e-a744-bf062151c33e,data/images/970a9c46-5da7-438e-a744-bf062151c33e_33911002851.jpg,pop/rock
3df67176-48d1-346b-8843-a004278c4267,data/images/3df67176-48d1-346b-8843-a004278c4267_13979045860.jpg,pop/rock
c40b8a38-c779-3eca-be94-4cb2b45b0b6c,data/images/c40b8a38-c779-3eca-be94-4cb2b45b0b6c_1535072788.jpg,pop/rock
dfab51d2-353c-4eaf-997b-888bbf1b5dc8,data/images/dfab51d2-353c-4eaf-997b-888bbf1b5dc8_31363766868.jpg,pop/rock
bacafa1e-8379-324a-9366-5920191b5f53,data/images/bacafa1e-8379-324a-9366-5920191b5f53_21483517940.jpg,pop/rock
99daf977-95e4-4379-8bd3-16f51041fa3c,data/images/99daf977-95e4-4379-8bd3-16f51041fa3c_14868413948.jpg,classical
ce2e04bc-8870-442a-b260-883e16bcec82,data/images/ce2e04bc-8870-442a-b260-883e16bcec82_5104973040.jpg,classical
8dd9a113-cd19-33a6-8ea5-2e731a86ce8b,data/images/8dd9a113-cd19-33a6-8ea5-2e731a86ce8b_26958251602.jpg,jazz
ca291e89-104a-35a7-b91e-a2df76d8c366,data/images/ca291e89-104a-35a7-b91e-a2df76d8c366_5057045712.jpg,pop/rock
c631ff07-0b1c-3b02-a9b1-a674eb82e01e,data/images/c631ff07-0b1c-3b02-a9b1-a674eb82e01e_18503413658.jpg,pop/rock
ddb75cf5-a6ce-492e-b634-ece4dddaa313,data/images/ddb75cf5-a6ce-492e-b634-ece4dddaa313_37445160091.jpg,classical
1ac4ca7b-0fef-3653-b493-4c3d5a0c3014,data/images/1ac4ca7b-0fef-3653-b493-4c3d5a0c3014_944047736.jpg,pop/rock
701eec5b-0e7c-400f-9e36-bdd522eba6c5,data/images/701eec5b-0e7c-400f-9e36-bdd522eba6c5_30275286503.jpg,pop/rock
b8f4f7d5-88a9-397e-a19c-19e72dfe2ea9,data/images/b8f4f7d5-88a9-397e-a19c-19e72dfe2ea9_29653370879.jpg,pop/rock
4d892971-c896-39c6-9ce5-8b755be68981,data/images/4d892971-c896-39c6-9ce5-8b755be68981_14972201523.jpg,pop/rock
714fc1e3-c667-4f56-a2aa-27586322a28e,data/images/714fc1e3-c667-4f56-a2aa-27586322a28e_3600989908.jpg,jazz
e70ad1f8-1178-47f5-ad78-7b6fee62572f,data/images/e70ad1f8-1178-47f5-ad78-7b6fee62572f_26357277359.jpg,classical
3d667c9b-133a-4f33-a7ba-dc3a92c21dd2,data/images/3d667c9b-133a-4f33-a7ba-dc3a92c21dd2_13279744017.jpg,pop/rock
e42b29a0-f42a-39d2-9898-6ed07a68cf21,data/images/e42b29a0-f42a-39d2-9898-6ed07a68cf21_9071154571.jpg,classical
3d5c1201-3d7a-3689-841b-388e424242f8,data/images/3d5c1201-3d7a-3689-841b-388e424242f8_18407029385.jpg,electronic
2e8ec529-f874-351c-9029-0b585c1fbf8b,data/images/2e8ec529-f874-351c-9029-0b585c1fbf8b_14142665112.jpg,pop/rock
31b1c0e1-0132-3437-845f-0dd7b572d1ef,data/images/31b1c0e1-0132-3437-845f-0dd7b572d1ef_38466389984.jpg,classical
d4c6f9b0-740e-321e-9960-fedb4b83178c,data/images/d4c6f9b0-740e-321e-9960-fedb4b83178c_22284081760.jpg,international
8dbb1432-e000-44f9-a9a9-35a90683ec31,data/images/8dbb1432-e000-44f9-a9a9-35a90683ec31_14100748323.jpg,pop/rock
44fc6476-b359-4568-ae07-278997e80319,data/images/44fc6476-b359-4568-ae07-278997e80319_10057362959.jpg,classical
c3f96543-901c-4731-85f2-a38cc1f54002,data/images/c3f96543-901c-4731-85f2-a38cc1f54002_5969759508.jpg,pop/rock
77cdff53-a205-3a2d-948e-82f0d832a279,data/images/77cdff53-a205-3a2d-948e-82f0d832a279_27135814419.jpg,pop/rock
ea6827f8-6a4d-3035-a552-f34a3eeb962f,data/images/ea6827f8-6a4d-3035-a552-f34a3eeb962f_23853361421.jpg,pop/rock
49e41880-480d-3d27-9ccd-200d02749575,data/images/49e41880-480d-3d27-9ccd-200d02749575_14177905833.jpg,electronic
55549f92-d79d-3f16-a2b6-af26468634cf,data/images/55549f92-d79d-3f16-a2b6-af26468634cf_37584974546.jpg,international
b3856365-2df8-3e62-8924-64c648811f82,data/images/b3856365-2df8-3e62-8924-64c648811f82_12590112664.jpg,international
f042a0ab-d397-4439-906f-df10494e33de,data/images/f042a0ab-d397-4439-906f-df10494e33de_15935239997.jpg,pop/rock
c8427f4c-3fd4-4796-9d47-b7c1e8e5a901,data/images/c8427f4c-3fd4-4796-9d47-b7c1e8e5a901_26037592231.jpg,classical
332250ca-1b0a-4a35-8450-0cd1f2d9ace4,data/images/332250ca-1b0a-4a35-8450-0cd1f2d9ace4_9427055951.jpg,pop/rock
df28e9f5-2b5f-4b26-ac36-f05fe3864f9c,data/images/df28e9f5-2b5f-4b26-ac36-f05fe3864f9c_14798475045.jpg,electronic
ce98669b-7474-4fda-89c4-bb59e2a452f0,data/images/ce98669b-7474-4fda-89c4-bb59e2a452f0_10167592675.jpg,international
14a5ccc4-03ca-4036-8cf3-fca8cd52faca,data/images/14a5ccc4-03ca-4036-8cf3-fca8cd52faca_9921369157.jpg,pop/rock
e44fa066-7d79-3d14-9dcf-9443d0563c22,data/images/e44fa066-7d79-3d14-9dcf-9443d0563c22_1663793499.jpg,pop/rock
d87d1dee-390d-36fd-b69a-2d3a45a1abf1,data/images/d87d1dee-390d-36fd-b69a-2d3a45a1abf1_18168899834.jpg,electronic
ed4cf0dd-2c7f-356f-91d5-0e2904d92fe6,data/images/ed4cf0dd-2c7f-356f-91d5-0e2904d92fe6_10688165245.jpg,pop/rock
b514115a-fb3e-3f09-80da-328c93bb44d4,data/images/b514115a-fb3e-3f09-80da-328c93bb44d4_12526533594.jpg,electronic
6c8bed02-cd37-4f1a-8a49-8517c0b531f2,data/images/6c8bed02-cd37-4f1a-8a49-8517c0b531f2_15223897964.jpg,classical
88e2274c-0b77-3ad8-afbb-969389dd628d,data/images/88e2274c-0b77-3ad8-afbb-969389dd628d_1957628512.jpg,pop/rock
458f4bdf-ffbe-3643-977a-73e80d3d7b08,data/images/458f4bdf-ffbe-3643-977a-73e80d3d7b08_34843565131.jpg,pop/rock
55564adb-52de-3ab1-a6e2-d159b06179e9,data/images/55564adb-52de-3ab1-a6e2-d159b06179e9_10692836672.jpg,pop/rock
61782c64-3b25-3ecf-a770-84ecd9cfdfa9,data/images/61782c64-3b25-3ecf-a770-84ecd9cfdfa9_24238444042.jpg,jazz
781bbc62-2a06-4257-b73f-1c0e871d3096,data/images/781bbc62-2a06-4257-b73f-1c0e871d3096_5824255614.jpg,pop/rock
1d5b26b5-1d8d-4eef-8f2b-efeab30c036e,data/images/1d5b26b5-1d8d-4eef-8f2b-efeab30c036e_6398453693.jpg,pop/rock
d0932502-e451-4113-8bb6-b0c4b5044370,data/images/d0932502-e451-4113-8bb6-b0c4b5044370_5104748642.jpg,electronic
acb1aa80-3ede-3a65-a862-5b0730c92607,data/images/acb1aa80-3ede-3a65-a862-5b0730c92607_13465941802.jpg,pop/rock
c21c03bf-a378-300f-b896-52f389dc0d7e,data/images/c21c03bf-a378-300f-b896-52f389dc0d7e_3371476324.jpg,pop/rock
ed3866b7-c763-4ab9-b0eb-4752cbadb8e1,data/images/ed3866b7-c763-4ab9-b0eb-4752cbadb8e1_29071764376.jpg,pop/rock
bca19049-0e22-3297-9c0e-86684658f17e,data/images/bca19049-0e22-3297-9c0e-86684658f17e_32398406923.jpg,pop/rock
3c651903-1af9-4f59-84f3-c2eda57bbd1c,data/images/3c651903-1af9-4f59-84f3-c2eda57bbd1c_7624564298.jpg,pop/rock
0832e7b9-178c-37a9-8828-47e1e96e0c27,data/images/0832e7b9-178c-37a9-8828-47e1e96e0c27_14017707183.jpg,pop/rock
81e00051-2bb6-4312-a570-2e67a7f33902,data/images/81e00051-2bb6-4312-a570-2e67a7f33902_37882610532.jpg,electronic
3e719f02-626c-3b58-9a40-c707dba34dd6,data/images/3e719f02-626c-3b58-9a40-c707dba34dd6_24751394323.jpg,pop/rock
d8e8cde5-d3ee-32b0-a965-274cfe9be6a7,data/images/d8e8cde5-d3ee-32b0-a965-274cfe9be6a7_5388016511.jpg,classical
ed115d80-a165-3a02-8abb-f86974b57cbb,data/images/ed115d80-a165-3a02-8abb-f86974b57cbb_4042335099.jpg,pop/rock
8cdde80f-1762-3bd6-a018-971288a3ed51,data/images/8cdde80f-1762-3bd6-a018-971288a3ed51_21942257754.jpg,pop/rock
d9ffa001-5ee6-46a2-8302-c7285f7054c6,data/images/d9ffa001-5ee6-46a2-8302-c7285f7054c6_25021500382.jpg,pop/rock
8b508cca-8fc2-3ada-87ce-f42b89b310d2,data/images/8b508cca-8fc2-3ada-87ce-f42b89b310d2_6882747916.jpg,classical
72feae20-4aed-3624-af0c-c5c1ac28a3c4,data/images/72feae20-4aed-3624-af0c-c5c1ac28a3c4_24882941438.jpg,pop/rock
b06827dc-ea3c-3e81-a6e0-b19cf0838937,data/images/b06827dc-ea3c-3e81-a6e0-b19cf0838937_32079424210.jpg,pop/rock
5e46eac5-79a0-4150-82f7-00d37379573a,data/images/5e46eac5-79a0-4150-82f7-00d37379573a_10156946886.jpg,pop/rock
6c9b5935-422c-3139-bab6-06d8b6751fc3,data/images/6c9b5935-422c-3139-bab6-06d8b6751fc3_21032409527.jpg,pop/rock
1fb75447-c513-38c4-ad8f-1bfc441aa74c,data/images/1fb75447-c513-38c4-ad8f-1bfc441aa74c_26865127077.jpg,pop/rock
986b1850-82e0-3054-9aeb-a18031a3d592,data/images/986b1850-82e0-3054-9aeb-a18031a3d592_9189536639.jpg,pop/rock
f3b884a6-ed73-3b33-9abe-8b4fb9b201e8,data/images/f3b884a6-ed73-3b33-9abe-8b4fb9b201e8_15531916328.jpg,pop/rock
0ee80e72-b4cc-4791-9d32-48cad6f347c8,data/images/0ee80e72-b4cc-4791-9d32-48cad6f347c8_11146352583.jpg,pop/rock
1c4a8cc0-2ddc-31e7-ab3e-2aade0e759df,data/images/1c4a8cc0-2ddc-31e7-ab3e-2aade0e759df_5091970624.jpg,pop/rock
e86a8ff2-5206-4a94-b960-10c2689f57c0,data/images/e86a8ff2-5206-4a94-b960-10c2689f57c0_36427098690.jpg,pop/rock
3aa4ec8f-81d6-496e-b19f-003cf97ca213,data/images/3aa4ec8f-81d6-496e-b19f-003cf97ca213_15224272365.jpg,electronic
b83ba298-204d-3825-a6a6-cb7c90d5511d,data/images/b83ba298-204d-3825-a6a6-cb7c90d5511d_15473405324.jpg,jazz
4fad3ba8-35da-4a73-b1f4-425727b8a666,data/images/4fad3ba8-35da-4a73-b1f4-425727b8a666_22344794066.jpg,pop/rock
09de15cb-7ad5-3150-8707-e962fada898c,data/images/09de15cb-7ad5-3150-8707-e962fada898c_6725311440.jpg,classical
c285c71b-4b52-46f3-b0b2-f2e2726ce839,data/images/c285c71b-4b52-46f3-b0b2-f2e2726ce839_28749992885.jpg,pop/rock
c1a2cc69-4423-37e5-a3fe-856ba2d79c11,data/images/c1a2cc69-4423-37e5-a3fe-856ba2d79c11_944936220.jpg,electronic
74d1e2f7-0b37-3425-b37e-70fc226e8451,data/images/74d1e2f7-0b37-3425-b37e-70fc226e8451_38186782238.jpg,pop/rock
0fd2fc3f-ff20-4628-b7fc-668309512837,data/images/0fd2fc3f-ff20-4628-b7fc-668309512837_8316905219.jpg,classical
05bf2ae8-a47d-345c-a2a1-4f962fbb4a94,data/images/05bf2ae8-a47d-345c-a2a1-4f962fbb4a94_20449394147.jpg,electronic
70b40eb0-ed8f-3624-a7fb-d3f84a908771,data/images/70b40eb0-ed8f-3624-a7fb-d3f84a908771_8197444407.jpg,pop/rock
f72954d9-0467-48d6-ab97-369faa02c825,data/images/f72954d9-0467-48d6-ab97-369faa02c825_20952798660.jpg,classical
adee5025-0cdd-301c-b0c9-d93f00c0ef35,data/images/adee5025-0cdd-301c-b0c9-d93f00c0ef35_9798840243.jpg,jazz
1833c951-a01f-3b37-9b37-15e180e69bc8,data/images/1833c951-a01f-3b37-9b37-15e180e69bc8_19417388238.jpg,pop/rock
33a1029d-7c69-35e8-ab90-39ad125f4d11,data/images/33a1029d-7c69-35e8-ab90-39ad125f4d11_5761551436.jpg,pop/rock
da5f651a-421b-31ff-8b26-124cc9554d17,data/images/da5f651a-421b-31ff-8b26-124cc9554d17_29066513902.jpg,pop/rock
eae333cb-2f1c-3ca8-afe6-568e53250a1c,data/images/eae333cb-2f1c-3ca8-afe6-568e53250a1c_26906850044.jpg,pop/rock
306a703c-7add-4c14-8979-cc58f783ec0e,data/images/306a703c-7add-4c14-8979-cc58f783ec0e_10147248095.jpg,pop/rock
3f4de6d6-dd3f-3f8d-8cf1-3fa8eb55095b,data/images/3f4de6d6-dd3f-3f8d-8cf1-3fa8eb55095b_32217559297.jpg,international
1a8cdd0c-ea74-4c7c-8c02-8f7ab0aea733,data/images/1a8cdd0c-ea74-4c7c-8c02-8f7ab0aea733_12126639788.jpg,pop/rock
f0622247-c821-3b2d-b54e-607ac2b409a7,data/images/f0622247-c821-3b2d-b54e-607ac2b409a7_14723992475.jpg,international
083ed1ca-dec1-4e3a-962f-2eb642e79f49,data/images/083ed1ca-dec1-4e3a-962f-2eb642e79f49_28602599390.jpg,pop/rock
f5a80353-5100-33a8-88f3-2229bdbac694,data/images/f5a80353-5100-33a8-88f3-2229bdbac694_30487044876.jpg,pop/rock
a5809367-ace0-32be-9518-04098014af79,data/images/a5809367-ace0-32be-9518-04098014af79_2618283275.jpg,pop/rock
84c10d1b-725c-3902-bfae-28aea56334a0,data/images/84c10d1b-725c-3902-bfae-28aea56334a0_9706401400.jpg,electronic
6d9f0fd5-378b-4bff-9f08-f526df45f84f,data/images/6d9f0fd5-378b-4bff-9f08-f526df45f84f_11345692657.jpg,pop/rock
209d516a-3b82-3a7d-b844-d8a11221972d,data/images/209d516a-3b82-3a7d-b844-d8a11221972d_6247664023.jpg,pop/rock
f2e0599e-222b-37a5-8544-2f68ce65fd66,data/images/f2e0599e-222b-37a5-8544-2f68ce65fd66_3464216347.jpg,pop/rock
7534461f-d5ed-3ab0-b5a8-48d7f9b49c70,data/images/7534461f-d5ed-3ab0-b5a8-48d7f9b49c70_21235525003.jpg,pop/rock
9f90b984-4953-31e8-922c-41222096a9ef,data/images/9f90b984-4953-31e8-922c-41222096a9ef_2630526468.jpg,pop/rock
ef1e37cc-ef7c-4e9e-9f5f-cd634427d3a9,data/images/ef1e37cc-ef7c-4e9e-9f5f-cd634427d3a9_19516080284.jpg,pop/rock
22315cdd-4ed9-427c-9492-560cf4afed58,data/images/22315cdd-4ed9-427c-9492-560cf4afed58_2307424566.jpg,electronic
877e25d8-1ed3-308d-8c12-a6a3345ddedb,data/images/877e25d8-1ed3-308d-8c12-a6a3345ddedb_14159926900.jpg,electronic
45e8cbab-29b3-3e69-9f1a-d58652bce141,data/images/45e8cbab-29b3-3e69-9f1a-d58652bce141_29529067353.jpg,electronic
0eb70f80-7d09-4554-8b54-ebc157098ab6,data/images/0eb70f80-7d09-4554-8b54-ebc157098ab6_11064750539.jpg,classical
6fb23ea6-ff98-371c-afba-43b387a1f246,data/images/6fb23ea6-ff98-371c-afba-43b387a1f246_14973613164.jpg,jazz
878fc2b0-9935-3df4-9369-286d51aec23e,data/images/878fc2b0-9935-3df4-9369-286d51aec23e_1065670642.jpg,pop/rock
5e01d415-6138-47bc-95e5-a91aa824ccc2,data/images/5e01d415-6138-47bc-95e5-a91aa824ccc2_12711876881.jpg,pop/rock
0cc993f7-e8d6-4aab-9bd6-cf1e8702935b,data/images/0cc993f7-e8d6-4aab-9bd6-cf1e8702935b_35335142346.jpg,pop/rock
8a54f4a9-4135-4ce5-a8eb-31ed03ebfa28,data/images/8a54f4a9-4135-4ce5-a8eb-31ed03ebfa28_13660354540.jpg,pop/rock
ffbef03e-3651-39db-8a2f-e140dc5aa219,data/images/ffbef03e-3651-39db-8a2f-e140dc5aa219_37522946480.jpg,pop/rock
8de723cb-b2ed-45e6-85fb-fb8dbae922f2,data/images/8de723cb-b2ed-45e6-85fb-fb8dbae922f2_10743599905.jpg,international
4e886716-113d-3c67-8c4f-2262775d5f31,data/images/4e886716-113d-3c67-8c4f-2262775d5f31_1130736048.jpg,jazz
d62559a3-9f65-4bfc-8ab1-720db33d6d7a,data/images/d62559a3-9f65-4bfc-8ab1-720db33d6d7a_13063120454.jpg,jazz
d5930840-a59b-4086-81c5-df3862be1784,data/images/d5930840-a59b-4086-81c5-df3862be1784_6599436118.jpg,electronic
065077e4-c055-3e95-a546-a5e8efdeb3b4,data/images/065077e4-c055-3e95-a546-a5e8efdeb3b4_1813275652.jpg,pop/rock
6f973acd-c396-4e72-8f3d-c54c129a7b9f,data/images/6f973acd-c396-4e72-8f3d-c54c129a7b9f_1349510615.jpg,pop/rock
04d9a666-1eb5-3621-99b5-ddf76cb4963e,data/images/04d9a666-1eb5-3621-99b5-ddf76cb4963e_14943077342.jpg,pop/rock
cf77769c-cd7e-4a1e-b2ec-4d3af6d51ed2,data/images/cf77769c-cd7e-4a1e-b2ec-4d3af6d51ed2_32174996749.jpg,classical
e88d4de2-dc6f-3d48-a391-05a86b59d1d6,data/images/e88d4de2-dc6f-3d48-a391-05a86b59d1d6_6687375977.jpg,classical
7fb932e6-b9a6-3265-a7ee-4d3f321816b5,data/images/7fb932e6-b9a6-3265-a7ee-4d3f321816b5_21573510505.jpg,pop/rock
e40adf3e-9013-3f38-8df7-2245eb002dd3,data/images/e40adf3e-9013-3f38-8df7-2245eb002dd3_5587530618.jpg,pop/rock
02f3aebe-02ba-33b3-8eeb-b737d42aaced,data/images/02f3aebe-02ba-33b3-8eeb-b737d42aaced_2407338106.jpg,pop/rock
f5a0457f-b0e6-328b-8ac1-d8a76c2f019d,data/images/f5a0457f-b0e6-328b-8ac1-d8a76c2f019d_5815953346.jpg,pop/rock
a7417642-a219-3c78-a3ee-b367ba01d428,data/images/a7417642-a219-3c78-a3ee-b367ba01d428_26854389663.jpg,pop/rock
a93ee000-c6ee-4187-bcb4-bc45ec7ea58f,data/images/a93ee000-c6ee-4187-bcb4-bc45ec7ea58f_10677425206.jpg,classical
62cae3d8-10b6-3651-9441-10319f31ba48,data/images/62cae3d8-10b6-3651-9441-10319f31ba48_9439279429.jpg,pop/rock
b81beb7c-82d6-399f-aaa4-19b4d7ccf10f,data/images/b81beb7c-82d6-399f-aaa4-19b4d7ccf10f_36035015127.jpg,pop/rock
bdb2b887-1573-41a6-b9c4-d99ed01f6b9f,data/images/bdb2b887-1573-41a6-b9c4-d99ed01f6b9f_28179967403.jpg,pop/rock
a8bc69ab-4e6d-4fca-85a0-5ccb43b885ec,data/images/a8bc69ab-4e6d-4fca-85a0-5ccb43b885ec_8107616384.jpg,jazz
ced8f3f3-832a-4f1f-bc7b-66aea033dc3d,data/images/ced8f3f3-832a-4f1f-bc7b-66aea033dc3d_3323709829.jpg,pop/rock
504a31a8-ea56-3f90-9939-d108320ffac4,data/images/504a31a8-ea56-3f90-9939-d108320ffac4_33683881487.jpg,electronic
6a3ccfc6-6bd0-3249-9843-3535098568e2,data/images/6a3ccfc6-6bd0-3249-9843-3535098568e2_1127773572.jpg,electronic
b92ba807-2fee-3e06-887c-ab183fa304bf,data/images/b92ba807-2fee-3e06-887c-ab183fa304bf_8206241313.jpg,classical
ec048bb5-1fc3-32a7-b560-c07ddd0df544,data/images/ec048bb5-1fc3-32a7-b560-c07ddd0df544_1156386881.jpg,pop/rock
3d0db357-66b4-326b-997a-93ca29e7980e,data/images/3d0db357-66b4-326b-997a-93ca29e7980e_3356945250.jpg,pop/rock
d82e6740-57ed-3e89-8d0a-5ab10433db3c,data/images/d82e6740-57ed-3e89-8d0a-5ab10433db3c_5282460565.jpg,pop/rock
4b078a0b-0d11-389b-a0b2-54d0551434d6,data/images/4b078a0b-0d11-389b-a0b2-54d0551434d6_34316021008.jpg,electronic
cb607326-8f3e-4737-a147-8a4316a261bb,data/images/cb607326-8f3e-4737-a147-8a4316a261bb_34806191944.jpg,international
a487e260-bba6-3410-a801-52c195bb2d26,data/images/a487e260-bba6-3410-a801-52c195bb2d26_6681151793.jpg,pop/rock
92595fa5-158d-3399-8b06-4afae9cb1cfb,data/images/92595fa5-158d-3399-8b06-4afae9cb1cfb_15223631775.jpg,classical
d5886d22-bf68-4cd3-bdc9-59464cbe1e52,data/images/d5886d22-bf68-4cd3-bdc9-59464cbe1e52_1534425950.jpg,electronic
e84e7418-060d-333e-9d9e-7f1af350466a,data/images/e84e7418-060d-333e-9d9e-7f1af350466a_31800884061.jpg,classical
7c03a072-5c2f-4616-9151-ed0dfe996972,data/images/7c03a072-5c2f-4616-9151-ed0dfe996972_16693472229.jpg,pop/rock
bbc248c2-4462-4a54-9b80-59955bfbaa68,data/images/bbc248c2-4462-4a54-9b80-59955bfbaa68_11731366087.jpg,classical
7ef05688-558a-36a6-97a8-ff4e6174aae6,data/images/7ef05688-558a-36a6-97a8-ff4e6174aae6_29909632344.jpg,pop/rock
e20a2c53-980d-4e9b-abaf-fa0402ad5fed,data/images/e20a2c53-980d-4e9b-abaf-fa0402ad5fed_15229837078.jpg,international
469b4890-9304-3f8e-a187-e1e1a19727ab,data/images/469b4890-9304-3f8e-a187-e1e1a19727ab_4782298009.jpg,pop/rock
21593018-cdca-42f6-9fc2-e082944ceac9,data/images/21593018-cdca-42f6-9fc2-e082944ceac9_18748933706.jpg,classical
15da43ab-1890-45ae-9a4b-3b0c40a6b0e4,data/images/15da43ab-1890-45ae-9a4b-3b0c40a6b0e4_9652242920.jpg,jazz
a766a350-2e94-3a6d-8e92-a43273f57d2b,data/images/a766a350-2e94-3a6d-8e92-a43273f57d2b_18044093684.jpg,electronic
d86107e9-1248-41c2-af67-918ec30b77d4,data/images/d86107e9-1248-41c2-af67-918ec30b77d4_8900317475.jpg,pop/rock
abd2f1fe-40e1-4c29-b82f-86b31be93903,data/images/abd2f1fe-40e1-4c29-b82f-86b31be93903_9606785815.jpg,jazz
c3d91456-97c6-4e75-b1a4-2e5a7df6cfcf,data/images/c3d91456-97c6-4e75-b1a4-2e5a7df6cfcf_30219595075.jpg,international
b634a2b2-44c2-30a4-b6c0-5d8d5fa1167a,data/images/b634a2b2-44c2-30a4-b6c0-5d8d5fa1167a_35421636666.jpg,international
4e50e809-714a-3ce4-8973-12f05a7a79dc,data/images/4e50e809-714a-3ce4-8973-12f05a7a79dc_20737663912.jpg,pop/rock
e8632bfa-869a-4d93-a7fd-c4d246a3086e,data/images/e8632bfa-869a-4d93-a7fd-c4d246a3086e_10480157421.jpg,pop/rock
a8f500ad-f9fc-3eef-8bab-fc54d489219d,data/images/a8f500ad-f9fc-3eef-8bab-fc54d489219d_34689268510.jpg,pop/rock
e77b0ad8-dca1-34c2-99d1-be562fbb0cd9,data/images/e77b0ad8-dca1-34c2-99d1-be562fbb0cd9_14644320934.jpg,classical
2d41edf1-63fc-3bf6-a680-17f0b8b08d0f,data/images/2d41edf1-63fc-3bf6-a680-17f0b8b08d0f_7629658467.jpg,classical
5fac8543-3d61-3c1e-96e0-9fee3df00c63,data/images/5fac8543-3d61-3c1e-96e0-9fee3df00c63_27583270277.jpg,jazz
e73fca54-8039-3106-ba99-3cee409e043c,data/images/e73fca54-8039-3106-ba99-3cee409e043c_23489936745.jpg,pop/rock
0a095284-e75b-3ed1-9712-d46fc59b4521,data/images/0a095284-e75b-3ed1-9712-d46fc59b4521_1282064465.jpg,pop/rock
a0b91c3a-50d1-411b-ad4d-d169576c55ce,data/images/a0b91c3a-50d1-411b-ad4d-d169576c55ce_3370562660.jpg,pop/rock
591171dd-0384-32ec-a8bf-05386e43211e,data/images/591171dd-0384-32ec-a8bf-05386e43211e_32941605277.jpg,pop/rock
25f759e1-4524-482c-92c5-49ecf2f70fde,data/images/25f759e1-4524-482c-92c5-49ecf2f70fde_6620498173.jpg,pop/rock
19063206-4d6a-312c-a86a-193f92484ddf,data/images/19063206-4d6a-312c-a86a-193f92484ddf_18787138270.jpg,pop/rock
8539c195-07f0-41b3-b543-214100207995,data/images/8539c195-07f0-41b3-b543-214100207995_3739873171.jpg,pop/rock
fa515bc2-3cc9-38c9-b0f0-3da32beb01c9,data/images/fa515bc2-3cc9-38c9-b0f0-3da32beb01c9_3731476203.jpg,classical
f621e880-2849-30fd-bccc-51969fa2a77f,data/images/f621e880-2849-30fd-bccc-51969fa2a77f_19198446603.jpg,international
f84050b8-2c3a-3adf-a95f-1e0419c15803,data/images/f84050b8-2c3a-3adf-a95f-1e0419c15803_16295206682.jpg,pop/rock
c24e5416-cd2e-4cff-851b-5faa78db98a2,data/images/c24e5416-cd2e-4cff-851b-5faa78db98a2_12638463567.jpg,pop/rock
c1065769-3244-3615-a4fe-4d9f217c7228,data/images/c1065769-3244-3615-a4fe-4d9f217c7228_26988091120.jpg,jazz
e07db0d9-611a-4da0-9993-12dc42296daf,data/images/e07db0d9-611a-4da0-9993-12dc42296daf_7836136100.jpg,pop/rock
949fe498-457d-401d-a271-6dce887283d2,data/images/949fe498-457d-401d-a271-6dce887283d2_29555394473.jpg,pop/rock
2a790df3-ffba-4286-8dc3-30001c153762,data/images/2a790df3-ffba-4286-8dc3-30001c153762_2069902595.jpg,classical
69b59aa3-04fd-4f19-b39d-0eb6c3d12047,data/images/69b59aa3-04fd-4f19-b39d-0eb6c3d12047_10273066551.jpg,electronic
241d855f-d152-34fe-a704-2b4494eb4c1d,data/images/241d855f-d152-34fe-a704-2b4494eb4c1d_16540662802.jpg,classical
a41c981a-df1f-34fe-9b6d-db9f70f0d662,data/images/a41c981a-df1f-34fe-9b6d-db9f70f0d662_30513857585.jpg,pop/rock
f0565880-2975-3767-a69e-1ac359c5402b,data/images/f0565880-2975-3767-a69e-1ac359c5402b_2052395669.jpg,jazz
4b741c78-18ca-3911-970f-d5cb6a15cdb4,data/images/4b741c78-18ca-3911-970f-d5cb6a15cdb4_10339384773.jpg,pop/rock
fc47b879-c3da-3a57-a772-83a39cd4bb30,data/images/fc47b879-c3da-3a57-a772-83a39cd4bb30_25720004360.jpg,classical
593dd126-8d9f-31cf-97e6-222eeac9fa55,data/images/593dd126-8d9f-31cf-97e6-222eeac9fa55_25031176137.jpg,pop/rock
55ad2ecd-3d54-396e-872a-6456ff2e3e5d,data/images/55ad2ecd-3d54-396e-872a-6456ff2e3e5d_13590725477.jpg,classical
130384bb-65e1-39b3-abba-ef5c5ec50d7a,data/images/130384bb-65e1-39b3-abba-ef5c5ec50d7a_19039614959.jpg,international
e9326e3f-2211-4678-85a8-d3df7f4a24a9,data/images/e9326e3f-2211-4678-85a8-d3df7f4a24a9_20344963094.jpg,pop/rock
df5b94c7-569e-3ed3-948e-a2f3aa506424,data/images/df5b94c7-569e-3ed3-948e-a2f3aa506424_4800580646.jpg,pop/rock
b183680e-c314-3dc8-bce5-490641d8f3a3,data/images/b183680e-c314-3dc8-bce5-490641d8f3a3_5930622018.jpg,classical
532497ef-d102-4176-9578-a5bcc44555a6,data/images/532497ef-d102-4176-9578-a5bcc44555a6_7411936762.jpg,pop/rock
f933d51d-997b-4c6f-9a7d-f0366b0d8399,data/images/f933d51d-997b-4c6f-9a7d-f0366b0d8399_36220536316.jpg,classical
2cd70770-6489-3fef-831a-95ce2941ca7f,data/images/2cd70770-6489-3fef-831a-95ce2941ca7f_14903737115.jpg,pop/rock
177d44cc-68e7-3cde-8329-8111865d9f1e,data/images/177d44cc-68e7-3cde-8329-8111865d9f1e_34453873201.jpg,pop/rock
a056b6a7-67c0-3a1d-ae7f-9934c248ac02,data/images/a056b6a7-67c0-3a1d-ae7f-9934c248ac02_16207290316.jpg,pop/rock
f3feabe3-2114-3cd8-af00-973003f6b4fb,data/images/f3feabe3-2114-3cd8-af00-973003f6b4fb_33573908625.jpg,pop/rock
c2b09c77-0ac1-31d1-807a-132797aa258c,data/images/c2b09c77-0ac1-31d1-807a-132797aa258c_23681732933.jpg,electronic
2ba38592-8d2b-4151-8b7d-321bd89cada7,data/images/2ba38592-8d2b-4151-8b7d-321bd89cada7_2678609608.jpg,pop/rock
8719be45-983e-30bf-9658-a965a7e5d87d,data/images/8719be45-983e-30bf-9658-a965a7e5d87d_11004656455.jpg,pop/rock
e1bfd2e1-9cfd-49d3-bd44-deb4beb5324f,data/images/e1bfd2e1-9cfd-49d3-bd44-deb4beb5324f_11853133839.jpg,pop/rock
1cbbd357-f901-3cb6-8aab-1686639edda5,data/images/1cbbd357-f901-3cb6-8aab-1686639edda5_20847783285.jpg,classical
9a787f41-733f-45f9-a299-e7cd8b7c54e8,data/images/9a787f41-733f-45f9-a299-e7cd8b7c54e8_25401390014.jpg,pop/rock
14c0b046-8230-4114-b804-5111c3fab03d,data/images/14c0b046-8230-4114-b804-5111c3fab03d_6883494809.jpg,pop/rock
b0ae25a4-8df2-4628-82d2-2cd79932859f,data/images/b0ae25a4-8df2-4628-82d2-2cd79932859f_4555679647.jpg,classical
1bc72e27-8109-3940-948d-3b514454cf4f,data/images/1bc72e27-8109-3940-948d-3b514454cf4f_32582792444.jpg,classical
2202affc-b854-3293-9490-5dacf208f87f,data/images/2202affc-b854-3293-9490-5dacf208f87f_36507683318.jpg,electronic
73a35ad2-e5c0-4485-b33d-708a68489b2d,data/images/73a35ad2-e5c0-4485-b33d-708a68489b2d_12805326863.jpg,pop/rock
43b58aa0-f48b-4379-8aaf-796526ba0366,data/images/43b58aa0-f48b-4379-8aaf-796526ba0366_27340384017.jpg,classical
f02f7e0d-c1d5-3ae1-b7db-c4f17496c03f,data/images/f02f7e0d-c1d5-3ae1-b7db-c4f17496c03f_1515017127.jpg,classical
25bdcf2b-7a03-3f9a-918c-eb6adc23bb3d,data/images/25bdcf2b-7a03-3f9a-918c-eb6adc23bb3d_13573161830.jpg,pop/rock
546482b5-1e4f-3473-b702-023e9036fb9f,data/images/546482b5-1e4f-3473-b702-023e9036fb9f_21133490115.jpg,pop/rock
94885ce7-fcec-3a64-8329-309e65daf726,data/images/94885ce7-fcec-3a64-8329-309e65daf726_28270043067.jpg,pop/rock
8267aac3-7e39-3a16-97d4-46b3ef6aa9e4,data/images/8267aac3-7e39-3a16-97d4-46b3ef6aa9e4_15592469042.jpg,pop/rock
cb7732bd-a1e1-3b98-8ac9-170187bd24f6,data/images/cb7732bd-a1e1-3b98-8ac9-170187bd24f6_21492909067.jpg,pop/rock
9d32d04e-1288-3e32-b83f-d6bee8767929,data/images/9d32d04e-1288-3e32-b83f-d6bee8767929_19899451123.jpg,pop/rock
a2bea6fc-4c48-3ee4-a0b2-2c110a91ae6b,data/images/a2bea6fc-4c48-3ee4-a0b2-2c110a91ae6b_16982013252.jpg,pop/rock
b92ec221-f8c4-4c39-a357-d65931612cc4,data/images/b92ec221-f8c4-4c39-a357-d65931612cc4_22798283770.jpg,pop/rock
13a178b2-7554-3686-963b-d02282f6e9e7,data/images/13a178b2-7554-3686-963b-d02282f6e9e7_5883677578.jpg,pop/rock
75e04c88-6869-4b6a-91bf-31f05e3f4d58,data/images/75e04c88-6869-4b6a-91bf-31f05e3f4d58_2097143781.jpg,pop/rock
ebe19724-c45a-30b1-8ce5-3b37b64260b6,data/images/ebe19724-c45a-30b1-8ce5-3b37b64260b6_12415816328.jpg,pop/rock
784865af-4033-34d1-9b23-9d1fcc66a45f,data/images/784865af-4033-34d1-9b23-9d1fcc66a45f_9469888744.jpg,classical
e95a62a5-f592-307a-aa53-d45d8ebf2c92,data/images/e95a62a5-f592-307a-aa53-d45d8ebf2c92_37408096181.jpg,pop/rock
91c75cc0-2db0-4eef-9133-9a9071e3c505,data/images/91c75cc0-2db0-4eef-9133-9a9071e3c505_10091600945.jpg,jazz
99613210-65fe-46d3-8444-2c6acc26ed9a,data/images/99613210-65fe-46d3-8444-2c6acc26ed9a_3584755670.jpg,international
99f2c4db-a8b3-4701-9cd4-27f3f3acf498,data/images/99f2c4db-a8b3-4701-9cd4-27f3f3acf498_23042689021.jpg,pop/rock
8f9f2743-6299-3d1a-9191-b42ac1f279e2,data/images/8f9f2743-6299-3d1a-9191-b42ac1f279e2_7356424863.jpg,pop/rock
98065e19-d3e0-31f8-8344-cc65697044b4,data/images/98065e19-d3e0-31f8-8344-cc65697044b4_15483033583.jpg,international
e09a9883-d9ca-3336-a5b2-34d18b224428,data/images/e09a9883-d9ca-3336-a5b2-34d18b224428_1290387657.jpg,pop/rock
4d7b066a-0842-3a98-9253-d8dd73ace2f1,data/images/4d7b066a-0842-3a98-9253-d8dd73ace2f1_17891333500.jpg,pop/rock
60c64c6c-6ca2-328d-85e3-6187248cd574,data/images/60c64c6c-6ca2-328d-85e3-6187248cd574_1373820421.jpg,pop/rock
3b2820d6-a841-4492-bd2b-310a1b4da801,data/images/3b2820d6-a841-4492-bd2b-310a1b4da801_10441260462.jpg,classical
e388b172-a021-42d4-825e-be590f8ecfd5,data/images/e388b172-a021-42d4-825e-be590f8ecfd5_8388472818.jpg,pop/rock
17a89ffb-76e2-3b0f-801d-e7ee2a091e3a,data/images/17a89ffb-76e2-3b0f-801d-e7ee2a091e3a_8820470369.jpg,pop/rock
a192a9b1-f89a-3e2f-8832-8d4e0da6a05b,data/images/a192a9b1-f89a-3e2f-8832-8d4e0da6a05b_26445597723.jpg,classical
f6e532fa-27f2-4a0d-8cc1-f468aa3eed2a,data/images/f6e532fa-27f2-4a0d-8cc1-f468aa3eed2a_4701905918.jpg,international
170852ac-3ea5-34e7-8697-4fa95b3b8ef9,data/images/170852ac-3ea5-34e7-8697-4fa95b3b8ef9_38351185661.jpg,international
4ff7ce7c-43bf-35b3-a543-91ab743c6b07,data/images/4ff7ce7c-43bf-35b3-a543-91ab743c6b07_16280692027.jpg,pop/rock
c95115ca-6898-4c37-ad16-3021317f4fa1,data/images/c95115ca-6898-4c37-ad16-3021317f4fa1_15556864502.jpg,pop/rock
a4e9b2b4-2c07-4588-a051-537cfa49393b,data/images/a4e9b2b4-2c07-4588-a051-537cfa49393b_7732989188.jpg,pop/rock
11b46b7c-bc56-4dde-8608-032ea3421caa,data/images/11b46b7c-bc56-4dde-8608-032ea3421caa_8455153074.jpg,pop/rock
f687964b-c840-40d7-9d13-37314c3a5863,data/images/f687964b-c840-40d7-9d13-37314c3a5863_7613421034.jpg,electronic
43efa07b-7298-3458-b591-5e1083b5dcb8,data/images/43efa07b-7298-3458-b591-5e1083b5dcb8_1244307993.jpg,pop/rock
6e3543c1-e112-3c90-9018-57649ed45fa2,data/images/6e3543c1-e112-3c90-9018-57649ed45fa2_25493762153.jpg,international
dfc31b9a-fcbb-4a65-add7-a92956bb60d2,data/images/dfc31b9a-fcbb-4a65-add7-a92956bb60d2_8456823283.jpg,pop/rock
f2aac494-f991-3173-89db-210eaa22c08d,data/images/f2aac494-f991-3173-89db-210eaa22c08d_37633273372.jpg,electronic
8bdb69de-95e4-4db9-9c93-fab89d3715c9,data/images/8bdb69de-95e4-4db9-9c93-fab89d3715c9_31481357869.jpg,pop/rock
dcf10668-fc98-36da-8fa3-95720236f790,data/images/dcf10668-fc98-36da-8fa3-95720236f790_28512575303.jpg,electronic
c10ab523-3e6a-3b02-89ca-380496b32ffa,data/images/c10ab523-3e6a-3b02-89ca-380496b32ffa_26265027111.jpg,electronic
dd7f2b3e-dcc6-4b7c-b8fd-7f73eb4bd66a,data/images/dd7f2b3e-dcc6-4b7c-b8fd-7f73eb4bd66a_2496917613.jpg,pop/rock
4f33724f-dc97-3a87-b88a-67d57b6df00a,data/images/4f33724f-dc97-3a87-b88a-67d57b6df00a_4249155255.jpg,electronic
182d1255-944c-30e9-b21b-5cd3b5ece117,data/images/182d1255-944c-30e9-b21b-5cd3b5ece117_15012775657.jpg,electronic
ca782004-53d5-32be-9a1a-5638fd96db5b,data/images/ca782004-53d5-32be-9a1a-5638fd96db5b_13138739109.jpg,pop/rock
8774a521-da7c-4ed8-9b01-a195757b28e1,data/images/8774a521-da7c-4ed8-9b01-a195757b28e1_19473142567.jpg,pop/rock
aab7bc21-2ab0-359b-bbfd-aa0cbb52fb0d,data/images/aab7bc21-2ab0-359b-bbfd-aa0cbb52fb0d_38391593252.jpg,jazz
409dbceb-747a-48ee-b532-10865be86ab4,data/images/409dbceb-747a-48ee-b532-10865be86ab4_19654910077.jpg,international
9efe7f0f-e5b4-3434-a785-cb36ee668d89,data/images/9efe7f0f-e5b4-3434-a785-cb36ee668d89_8788963555.jpg,classical
44bd9df0-cb79-3d09-8cb8-bcf4b20ab048,data/images/44bd9df0-cb79-3d09-8cb8-bcf4b20ab048_1878160973.jpg,electronic
27dfa40e-6eb2-435d-b691-c24046613858,data/images/27dfa40e-6eb2-435d-b691-c24046613858_4801330726.jpg,international
cb69d5ee-c92a-3c3d-b52f-1f67afa6e783,data/images/cb69d5ee-c92a-3c3d-b52f-1f67afa6e783_28878439350.jpg,pop/rock
c93ea6b4-fca7-3de2-9f8c-683d32e2c6a8,data/images/c93ea6b4-fca7-3de2-9f8c-683d32e2c6a8_6850161294.jpg,pop/rock
acff94c8-6db8-43b6-b6df-a4bea9bd97b1,data/images/acff94c8-6db8-43b6-b6df-a4bea9bd97b1_17827727533.jpg,international
3a7c008a-6096-3efa-939e-5a161edddcd1,data/images/3a7c008a-6096-3efa-939e-5a161edddcd1_35980294329.jpg,electronic
03581145-7d83-45a7-a8b4-8a43044a1853,data/images/03581145-7d83-45a7-a8b4-8a43044a1853_23503058878.jpg,electronic
d2a378ae-71f8-3f82-a12c-b00755043783,data/images/d2a378ae-71f8-3f82-a12c-b00755043783_1666939486.jpg,pop/rock
ccc6d85e-326b-327c-85b3-d151dc57add3,data/images/ccc6d85e-326b-327c-85b3-d151dc57add3_19594900517.jpg,jazz
85c3b68b-e1e4-3c41-97b1-e3ce0a9d3034,data/images/85c3b68b-e1e4-3c41-97b1-e3ce0a9d3034_38283905291.jpg,pop/rock
8fb2472c-4068-448e-accc-ebae0100b62f,data/images/8fb2472c-4068-448e-accc-ebae0100b62f_29048706818.jpg,pop/rock
5bfc35c7-ecc2-4c05-b646-01c51341ff75,data/images/5bfc35c7-ecc2-4c05-b646-01c51341ff75_13547567423.jpg,pop/rock
c4ed70a2-721d-3860-97b3-f545a7fcdc78,data/images/c4ed70a2-721d-3860-97b3-f545a7fcdc78_31777274441.jpg,jazz
fc4ceb7a-ede6-32b7-953e-a7a18d73fb9c,data/images/fc4ceb7a-ede6-32b7-953e-a7a18d73fb9c_14329063531.jpg,pop/rock
41980a0c-dac9-3436-87d1-eb420ffc3c9e,data/images/41980a0c-dac9-3436-87d1-eb420ffc3c9e_6816163763.jpg,electronic
9cca4f8d-54b0-4371-8604-b68607addeff,data/images/9cca4f8d-54b0-4371-8604-b68607addeff_10974448162.jpg,pop/rock
0db5ed58-2e28-3bad-8688-8b15035def33,data/images/0db5ed58-2e28-3bad-8688-8b15035def33_7356533913.jpg,pop/rock
ca0edc4d-f102-495d-9372-470257785177,data/images/ca0edc4d-f102-495d-9372-470257785177_11213732510.jpg,classical
c5022f7d-a122-3fb2-9297-e4c41d0ffffc,data/images/c5022f7d-a122-3fb2-9297-e4c41d0ffffc_31756920311.jpg,pop/rock
e869f4e5-eb79-49e9-88b1-14598ff38cb8,data/images/e869f4e5-eb79-49e9-88b1-14598ff38cb8_33365540741.jpg,classical
f95c9eb5-e7a6-3f2b-956a-17a1241e3de2,data/images/f95c9eb5-e7a6-3f2b-956a-17a1241e3de2_36622480041.jpg,pop/rock
09f88ace-2cc7-3cf2-93ac-2898537f37f5,data/images/09f88ace-2cc7-3cf2-93ac-2898537f37f5_37868698535.jpg,pop/rock
657b75ed-f219-34ac-8c20-b740cfb5be48,data/images/657b75ed-f219-34ac-8c20-b740cfb5be48_16222039824.jpg,pop/rock
eb29b573-89e1-41b0-95ec-8ce5674f3a5e,data/images/eb29b573-89e1-41b0-95ec-8ce5674f3a5e_12698293145.jpg,pop/rock
518c319d-741b-4784-8275-6da4b323953f,data/images/518c319d-741b-4784-8275-6da4b323953f_10596435309.jpg,pop/rock
3fa7f2a9-0187-3ce9-a0dd-b50ff3c02332,data/images/3fa7f2a9-0187-3ce9-a0dd-b50ff3c02332_3952821990.jpg,international
aa561a7d-e458-4084-8d44-527cc0c73066,data/images/aa561a7d-e458-4084-8d44-527cc0c73066_2258581970.jpg,electronic
202f3a84-e4fe-34a7-afb6-367075fc3339,data/images/202f3a84-e4fe-34a7-afb6-367075fc3339_38402807309.jpg,pop/rock
34a7dfca-20a4-3321-8a08-5a72b3ca56d6,data/images/34a7dfca-20a4-3321-8a08-5a72b3ca56d6_12079000896.jpg,pop/rock
6792b6d1-4e65-3c3c-9d20-d08aa1dcfc60,data/images/6792b6d1-4e65-3c3c-9d20-d08aa1dcfc60_31538473440.jpg,pop/rock
0f145ef6-7e61-442b-ba2c-3e3ad65a0d17,data/images/0f145ef6-7e61-442b-ba2c-3e3ad65a0d17_6677690708.jpg,jazz
a75cc67c-a714-405b-9e1e-1a4177ab1b0d,data/images/a75cc67c-a714-405b-9e1e-1a4177ab1b0d_34166339464.jpg,pop/rock
bf44fddc-2eb9-40c8-845b-f64e07995eb8,data/images/bf44fddc-2eb9-40c8-845b-f64e07995eb8_8749533003.jpg,international
57756246-f5d6-47b5-be1d-d541b3e94692,data/images/57756246-f5d6-47b5-be1d-d541b3e94692_8418610152.jpg,classical
075a0208-348c-46bf-b786-7c65724527be,data/images/075a0208-348c-46bf-b786-7c65724527be_3945132558.jpg,international
adef0379-522e-46a6-ab91-6965ff9b2d3b,data/images/adef0379-522e-46a6-ab91-6965ff9b2d3b_31111276453.jpg,pop/rock
7cbdee76-7994-3562-ba39-b3c5b14029c6,data/images/7cbdee76-7994-3562-ba39-b3c5b14029c6_33237998721.jpg,pop/rock
efc26085-a52d-3e74-b2c9-901f78c3370b,data/images/efc26085-a52d-3e74-b2c9-901f78c3370b_34243703245.jpg,electronic
cdc70bfd-b837-44a4-abdf-d5598d5a577b,data/images/cdc70bfd-b837-44a4-abdf-d5598d5a577b_24330159045.jpg,international
07911d51-f87b-3317-8f0b-6cf74da6e6bb,data/images/07911d51-f87b-3317-8f0b-6cf74da6e6bb_19842474967.jpg,pop/rock
da35ef30-3fb3-40ec-b7ce-d29259b75952,data/images/da35ef30-3fb3-40ec-b7ce-d29259b75952_17694501815.jpg,international
b402610d-5e94-4749-826d-a73514408517,data/images/b402610d-5e94-4749-826d-a73514408517_5255634626.jpg,pop/rock
4a5cb57f-5b55-4bc5-891b-2bdfd66a77d9,data/images/4a5cb57f-5b55-4bc5-891b-2bdfd66a77d9_20051787034.jpg,pop/rock
77f35a0e-6bdf-36a2-8de1-6b104a117249,data/images/77f35a0e-6bdf-36a2-8de1-6b104a117249_26987819283.jpg,jazz
3f2020b2-dcdf-32ac-ab02-0e41f99cf51d,data/images/3f2020b2-dcdf-32ac-ab02-0e41f99cf51d_15275000719.jpg,international
d8d2100a-4615-39fb-95b3-7196de11bd78,data/images/d8d2100a-4615-39fb-95b3-7196de11bd78_35220612396.jpg,pop/rock
21444e74-5e54-46fb-b6c9-6f2b27a0d3a0,data/images/21444e74-5e54-46fb-b6c9-6f2b27a0d3a0_11699105855.jpg,jazz
2b076d62-c13d-3404-bd9e-f3be942fdfef,data/images/2b076d62-c13d-3404-bd9e-f3be942fdfef_2116252734.jpg,pop/rock
263816f0-df67-4bf6-8053-bf708535ee02,data/images/263816f0-df67-4bf6-8053-bf708535ee02_1353246186.jpg,pop/rock
b259e828-ecba-473d-992e-925907f8007c,data/images/b259e828-ecba-473d-992e-925907f8007c_31464638453.jpg,international
dcb6eef1-cbfa-3ee4-a5c0-3252a0c6b75f,data/images/dcb6eef1-cbfa-3ee4-a5c0-3252a0c6b75f_2587527214.jpg,electronic
c5ff7760-7230-4745-abf9-de4aa28cc44b,data/images/c5ff7760-7230-4745-abf9-de4aa28cc44b_5828979044.jpg,pop/rock
b67c6f57-7b83-3197-b916-e121198fb102,data/images/b67c6f57-7b83-3197-b916-e121198fb102_35802500978.jpg,jazz
dff08c4e-5d1a-3f65-9432-731a5a997a07,data/images/dff08c4e-5d1a-3f65-9432-731a5a997a07_9958297836.jpg,pop/rock
baa58592-3c5e-4b1e-8d3d-00e6ad9cd3ff,data/images/baa58592-3c5e-4b1e-8d3d-00e6ad9cd3ff_15266249801.jpg,electronic
f22458ef-7c4f-4caa-bed1-19dba7c21dc6,data/images/f22458ef-7c4f-4caa-bed1-19dba7c21dc6_23778849396.jpg,pop/rock
15e60783-bac1-3c05-9c08-85a0817e21f5,data/images/15e60783-bac1-3c05-9c08-85a0817e21f5_11162108013.jpg,pop/rock
fa132f9b-63e5-3f6f-9274-356fee70064a,data/images/fa132f9b-63e5-3f6f-9274-356fee70064a_8543749912.jpg,classical
a804bde0-216c-48c2-bd9f-233109fc1f6b,data/images/a804bde0-216c-48c2-bd9f-233109fc1f6b_7748442958.jpg,electronic
80b73d3c-757e-3f24-8f42-090d51925079,data/images/80b73d3c-757e-3f24-8f42-090d51925079_10356685630.jpg,jazz
b0aed975-15c1-3adf-90f3-905b607c2099,data/images/b0aed975-15c1-3adf-90f3-905b607c2099_2155067226.jpg,pop/rock
ca92b86f-8963-3ddc-bc2f-d34adb0e224d,data/images/ca92b86f-8963-3ddc-bc2f-d34adb0e224d_13406491425.jpg,pop/rock
c781085b-40e7-3b9f-a5d4-5bd51eef880e,data/images/c781085b-40e7-3b9f-a5d4-5bd51eef880e_6045833805.jpg,classical
3526bcac-bd5c-3a27-9f63-d7c143427908,data/images/3526bcac-bd5c-3a27-9f63-d7c143427908_5525955104.jpg,electronic
ee884f57-0247-38a3-a5a1-c26faea9ce95,data/images/ee884f57-0247-38a3-a5a1-c26faea9ce95_7596784495.jpg,electronic
ed74e5be-d67f-4bf3-aeac-b356877e8ea5,data/images/ed74e5be-d67f-4bf3-aeac-b356877e8ea5_4043016557.jpg,pop/rock
982d1385-30e9-4eb3-a7af-79305bb0399b,data/images/982d1385-30e9-4eb3-a7af-79305bb0399b_5156876897.jpg,pop/rock
f350f811-0030-3aa3-9b49-69d8be151aa0,data/images/f350f811-0030-3aa3-9b49-69d8be151aa0_32370011881.jpg,pop/rock
3611c25c-6da7-4832-aaa5-d2f0c3aab393,data/images/3611c25c-6da7-4832-aaa5-d2f0c3aab393_31316743374.jpg,pop/rock
91f20e67-aefe-3ede-a99b-72fffe856286,data/images/91f20e67-aefe-3ede-a99b-72fffe856286_22576180833.jpg,pop/rock
7dad4bd8-35de-3144-bb6d-d3416fecbcad,data/images/7dad4bd8-35de-3144-bb6d-d3416fecbcad_17019722494.jpg,pop/rock
a0742e5a-f6f7-3d7f-a879-e4f05ec584d2,data/images/a0742e5a-f6f7-3d7f-a879-e4f05ec584d2_30664856511.jpg,classical
4d241aed-579a-4e9d-9156-f289103ceea4,data/images/4d241aed-579a-4e9d-9156-f289103ceea4_14928236663.jpg,electronic
5b115df8-73bd-39a6-8289-7958bade542f,data/images/5b115df8-73bd-39a6-8289-7958bade542f_38182735299.jpg,pop/rock
27c74fa6-fb3f-426e-b129-cfc503924f39,data/images/27c74fa6-fb3f-426e-b129-cfc503924f39_32823895489.jpg,pop/rock
a7cdc8cd-2a56-4da8-a95a-06b89dedf47c,data/images/a7cdc8cd-2a56-4da8-a95a-06b89dedf47c_33750218571.jpg,jazz
41a60f4e-fdf1-49d9-a7fc-fbcd3d52c689,data/images/41a60f4e-fdf1-49d9-a7fc-fbcd3d52c689_20770302757.jpg,pop/rock
75aabbb4-abaa-49a4-a8d0-c6b36e1bca2d,data/images/75aabbb4-abaa-49a4-a8d0-c6b36e1bca2d_32791506403.jpg,pop/rock
4663267d-5135-4133-b955-a25f49c9a2f5,data/images/4663267d-5135-4133-b955-a25f49c9a2f5_12316425780.jpg,jazz
32175083-cbc3-3426-a1b5-41810f67ddf3,data/images/32175083-cbc3-3426-a1b5-41810f67ddf3_10844812381.jpg,pop/rock
74ee340e-6c23-3115-a8a9-565660f6b666,data/images/74ee340e-6c23-3115-a8a9-565660f6b666_4509366363.jpg,international
2ccd0095-ceea-30c1-988d-484d61704dce,data/images/2ccd0095-ceea-30c1-988d-484d61704dce_20065230470.jpg,pop/rock
1b1158d0-c2ad-34d3-a604-ad7e20a523fc,data/images/1b1158d0-c2ad-34d3-a604-ad7e20a523fc_3330226438.jpg,pop/rock
1bf4e309-49fd-3bfe-a122-5117a57b7377,data/images/1bf4e309-49fd-3bfe-a122-5117a57b7377_15467706685.jpg,pop/rock
247102ee-39ab-4d7f-978f-f4bddfee90cb,data/images/247102ee-39ab-4d7f-978f-f4bddfee90cb_4285094305.jpg,pop/rock
f818f48f-5266-313d-b70a-df88c522fe3c,data/images/f818f48f-5266-313d-b70a-df88c522fe3c_25762144730.jpg,electronic
35a4963a-3f90-337c-8f6f-f997f2c12ab8,data/images/35a4963a-3f90-337c-8f6f-f997f2c12ab8_7965173066.jpg,pop/rock
f0aea4fd-ce9f-30ff-ae04-ee13b8a9db7a,data/images/f0aea4fd-ce9f-30ff-ae04-ee13b8a9db7a_15475217154.jpg,pop/rock
2f477c07-2bee-4a13-bf4a-9885fd17dca5,data/images/2f477c07-2bee-4a13-bf4a-9885fd17dca5_6634567164.jpg,classical
b3c4f94f-7c89-32a3-83ee-a27c4ffdbb82,data/images/b3c4f94f-7c89-32a3-83ee-a27c4ffdbb82_31022567225.jpg,pop/rock
9b09a82e-2c69-3fa2-8215-c77cfd2130e8,data/images/9b09a82e-2c69-3fa2-8215-c77cfd2130e8_15544090359.jpg,pop/rock
4d188ef1-0b52-30fd-ad09-eeefcc033355,data/images/4d188ef1-0b52-30fd-ad09-eeefcc033355_1286651471.jpg,international
6a8d9901-1017-3476-8d85-bd2b95200ea8,data/images/6a8d9901-1017-3476-8d85-bd2b95200ea8_13572737914.jpg,pop/rock
f714bf71-b6ba-3100-a99c-bd0b1f0a9ee3,data/images/f714bf71-b6ba-3100-a99c-bd0b1f0a9ee3_22314405793.jpg,international
9bbc212d-4a7c-43f7-942c-6fab0cd5779a,data/images/9bbc212d-4a7c-43f7-942c-6fab0cd5779a_31997874487.jpg,pop/rock
79e3ac21-8359-3761-ba35-251a1bd04d68,data/images/79e3ac21-8359-3761-ba35-251a1bd04d68_38011172072.jpg,pop/rock
e6e03027-2955-38b5-ba9f-2076297f8528,data/images/e6e03027-2955-38b5-ba9f-2076297f8528_4402718666.jpg,international
027e80b5-9db2-3a2d-8356-f2f1f84cb0d9,data/images/027e80b5-9db2-3a2d-8356-f2f1f84cb0d9_29915668345.jpg,classical
c17bfabc-4c4f-3165-82a2-e13cd74a4aee,data/images/c17bfabc-4c4f-3165-82a2-e13cd74a4aee_7406143838.jpg,classical
98abfaf3-c9f1-31aa-9f14-1103b0eea1c8,data/images/98abfaf3-c9f1-31aa-9f14-1103b0eea1c8_10625952453.jpg,electronic
82de7b56-24c2-3dca-b3f9-ec7da9d0e3d2,data/images/82de7b56-24c2-3dca-b3f9-ec7da9d0e3d2_4762677784.jpg,pop/rock
e275673f-84d9-4a65-bb2f-8819294e3376,data/images/e275673f-84d9-4a65-bb2f-8819294e3376_25957161581.jpg,pop/rock
5aed5f2c-4b8a-35a7-9655-906e3ea72fa1,data/images/5aed5f2c-4b8a-35a7-9655-906e3ea72fa1_27127303643.jpg,pop/rock
66e52082-448c-4cff-ab08-caf094803045,data/images/66e52082-448c-4cff-ab08-caf094803045_1610082501.jpg,classical
03f0ba7a-ec13-3f8e-99cf-c88cad43612e,data/images/03f0ba7a-ec13-3f8e-99cf-c88cad43612e_10630816642.jpg,pop/rock
b47d0098-251f-3343-abd9-5f56a52475f7,data/images/b47d0098-251f-3343-abd9-5f56a52475f7_30045561352.jpg,pop/rock
6abb6b24-fffb-31a8-aa87-53354b3e9b08,data/images/6abb6b24-fffb-31a8-aa87-53354b3e9b08_3305162472.jpg,pop/rock
9b2d4036-7c23-3657-95b2-a37db11d7c2e,data/images/9b2d4036-7c23-3657-95b2-a37db11d7c2e_5539554114.jpg,electronic
c7803779-a378-3180-9099-2d819ff5158b,data/images/c7803779-a378-3180-9099-2d819ff5158b_37420544392.jpg,pop/rock
72824889-8fb3-45e6-8408-88ab260ac437,data/images/72824889-8fb3-45e6-8408-88ab260ac437_37821579850.jpg,electronic
018234bf-fea3-3131-8c36-5d6321411483,data/images/018234bf-fea3-3131-8c36-5d6321411483_5569664441.jpg,pop/rock
3c05af3f-d14d-44fd-a856-94fd38c0d53c,data/images/3c05af3f-d14d-44fd-a856-94fd38c0d53c_38532101902.jpg,pop/rock
2c4e1270-6503-3aaa-a6b7-c262dde0f5f3,data/images/2c4e1270-6503-3aaa-a6b7-c262dde0f5f3_11114723136.jpg,pop/rock
8366daac-a89b-3362-870b-fb737ab1c3d6,data/images/8366daac-a89b-3362-870b-fb737ab1c3d6_28898911893.jpg,pop/rock
e5bc1607-7947-3044-8558-6b4eae334c51,data/images/e5bc1607-7947-3044-8558-6b4eae334c51_1031647403.jpg,pop/rock
95d72e72-55b2-3408-8d76-cce7abad3836,data/images/95d72e72-55b2-3408-8d76-cce7abad3836_1284390639.jpg,electronic
72178889-503f-4063-abad-a91ddcbf59a0,data/images/72178889-503f-4063-abad-a91ddcbf59a0_11638567020.jpg,pop/rock
e9816924-b57b-3352-9fac-c61b89217b26,data/images/e9816924-b57b-3352-9fac-c61b89217b26_29616403985.jpg,classical
53d76f80-610c-4dc4-9c20-d2b97bf83970,data/images/53d76f80-610c-4dc4-9c20-d2b97bf83970_20016339376.jpg,pop/rock
ff1c0141-3387-3abe-9098-35fb3a8a18c5,data/images/ff1c0141-3387-3abe-9098-35fb3a8a18c5_6453355018.jpg,pop/rock
a4be41b2-d70e-33bc-82af-fb963473ab79,data/images/a4be41b2-d70e-33bc-82af-fb963473ab79_7603097937.jpg,pop/rock
3ea5428d-1d2b-35ee-bbb4-5fb7171a7269,data/images/3ea5428d-1d2b-35ee-bbb4-5fb7171a7269_3930041963.jpg,classical
4c9eb999-1440-398e-9fd3-90bdd71a9640,data/images/4c9eb999-1440-398e-9fd3-90bdd71a9640_28898096088.jpg,pop/rock
bef1ce00-54b7-48e1-8c9e-2b1f4be55255,data/images/bef1ce00-54b7-48e1-8c9e-2b1f4be55255_2107375263.jpg,classical
26f97fa5-bb03-390e-bda5-e581b884760d,data/images/26f97fa5-bb03-390e-bda5-e581b884760d_26445448909.jpg,international
da8b968a-32a6-3612-a863-4202a547b32c,data/images/da8b968a-32a6-3612-a863-4202a547b32c_35082404628.jpg,electronic
55db9d1b-73d1-3206-b171-1fb72ede6564,data/images/55db9d1b-73d1-3206-b171-1fb72ede6564_32612214073.jpg,pop/rock
62285216-eac3-4f34-8097-caded6c8f204,data/images/62285216-eac3-4f34-8097-caded6c8f204_4717181698.jpg,classical
d415f17e-f207-30ec-b8b5-e2a72040e43f,data/images/d415f17e-f207-30ec-b8b5-e2a72040e43f_12244167691.jpg,pop/rock
0df27cc5-0485-3cda-a1aa-97d9a4f870ae,data/images/0df27cc5-0485-3cda-a1aa-97d9a4f870ae_6980304513.jpg,electronic
9b852bd7-d96a-4f1a-b6ba-8af0de641c08,data/images/9b852bd7-d96a-4f1a-b6ba-8af0de641c08_7694852598.jpg,pop/rock
87067a71-dd56-3d62-a984-10b67cbc41ef,data/images/87067a71-dd56-3d62-a984-10b67cbc41ef_2272537776.jpg,pop/rock
8b19a61d-fa5d-4b47-a151-b2935638d047,data/images/8b19a61d-fa5d-4b47-a151-b2935638d047_14318103287.jpg,jazz
f53d55e4-3503-3804-9808-20645b70e6ed,data/images/f53d55e4-3503-3804-9808-20645b70e6ed_1345397031050.jpg,jazz
3e2a4b85-ab9e-325c-833b-0ee431644192,data/images/3e2a4b85-ab9e-325c-833b-0ee431644192_3475441818.jpg,pop/rock
61180839-f4a7-407f-b86f-24c48eef4066,data/images/61180839-f4a7-407f-b86f-24c48eef4066_22072189937.jpg,electronic
e02cb54c-d56f-42a4-b5a0-77379ecc646d,data/images/e02cb54c-d56f-42a4-b5a0-77379ecc646d_2133106236.jpg,classical
5132c93f-45d9-3d6d-a727-f4cf43476505,data/images/5132c93f-45d9-3d6d-a727-f4cf43476505_8310564096.jpg,pop/rock
6cd718cb-235d-3506-8a5a-92af6e017b5f,data/images/6cd718cb-235d-3506-8a5a-92af6e017b5f_35429227465.jpg,pop/rock
305007c7-a1a5-3feb-ad56-e8151626793f,data/images/305007c7-a1a5-3feb-ad56-e8151626793f_4224934173.jpg,international
b53fdd53-f70c-3580-ad92-04f7fe77b254,data/images/b53fdd53-f70c-3580-ad92-04f7fe77b254_16134931753.jpg,pop/rock
2583a9a7-6490-3d0c-8a2a-bda75434eabe,data/images/2583a9a7-6490-3d0c-8a2a-bda75434eabe_28832676910.jpg,pop/rock
34cae656-6bca-330b-9824-fd9b09d5abae,data/images/34cae656-6bca-330b-9824-fd9b09d5abae_23872194412.jpg,pop/rock
981390aa-17f6-4185-bc8c-c59fe1f83be1,data/images/981390aa-17f6-4185-bc8c-c59fe1f83be1_8017800593.jpg,classical
674778c1-f0bc-4b21-8eeb-91a770723d98,data/images/674778c1-f0bc-4b21-8eeb-91a770723d98_5308436973.jpg,pop/rock
ebaa4e59-e6d2-4446-b86e-1ef051528c77,data/images/ebaa4e59-e6d2-4446-b86e-1ef051528c77_3220253161.jpg,classical
25783b63-a7b0-31fc-a9d8-ab9f7c6eb277,data/images/25783b63-a7b0-31fc-a9d8-ab9f7c6eb277_33277501189.jpg,international
fba1b0b2-7238-3115-ba42-bacf74ac16bc,data/images/fba1b0b2-7238-3115-ba42-bacf74ac16bc_11341731510.jpg,pop/rock
73dda611-4179-3bd0-a9cd-d94d06a119fe,data/images/73dda611-4179-3bd0-a9cd-d94d06a119fe_20085055061.jpg,pop/rock
af13acb0-7b53-40ed-99e0-6ac4d0680d55,data/images/af13acb0-7b53-40ed-99e0-6ac4d0680d55_5537892410.jpg,jazz
79945956-528f-3ff5-a396-d9ee663163c4,data/images/79945956-528f-3ff5-a396-d9ee663163c4_28267002620.jpg,international
f4131f18-81ee-410c-bfc3-61632ef23f8f,data/images/f4131f18-81ee-410c-bfc3-61632ef23f8f_3809866100.jpg,pop/rock
3c0a694e-17dd-4672-b705-cb3bbae286c6,data/images/3c0a694e-17dd-4672-b705-cb3bbae286c6_13435750146.jpg,jazz
4c7725bd-f43a-4cdc-89bd-f38234c535d4,data/images/4c7725bd-f43a-4cdc-89bd-f38234c535d4_4969866042.jpg,pop/rock
ac7ea99b-4a3a-4856-b07c-e7cee2b77232,data/images/ac7ea99b-4a3a-4856-b07c-e7cee2b77232_7216769371.jpg,pop/rock
56b0cdd4-1f0a-366f-ab9c-f8814e83172a,data/images/56b0cdd4-1f0a-366f-ab9c-f8814e83172a_17100967533.jpg,pop/rock
9af8338d-9e6a-4263-a2cf-e16b651c9197,data/images/9af8338d-9e6a-4263-a2cf-e16b651c9197_37150391282.jpg,pop/rock
2dd71deb-a2df-3ea2-9616-5760a86d73a0,data/images/2dd71deb-a2df-3ea2-9616-5760a86d73a0_33575499381.jpg,pop/rock
ad43ebc6-e526-3546-afe2-5b9561465956,data/images/ad43ebc6-e526-3546-afe2-5b9561465956_34315094883.jpg,pop/rock
31df699b-45bf-4d02-85df-a1f85ca82f6d,data/images/31df699b-45bf-4d02-85df-a1f85ca82f6d_7447605283.jpg,classical
7d42c10a-5cc7-3af4-89c6-5234e452e6d0,data/images/7d42c10a-5cc7-3af4-89c6-5234e452e6d0_6489153806.jpg,pop/rock
437775da-0a70-4127-95fc-5d779b48f114,data/images/437775da-0a70-4127-95fc-5d779b48f114_10698574390.jpg,pop/rock
f46e7ea5-9a6a-4581-ba21-31912231dd2d,data/images/f46e7ea5-9a6a-4581-ba21-31912231dd2d_21493098713.jpg,pop/rock
63d675e2-7ca3-44f2-b143-d213dca04c2d,data/images/63d675e2-7ca3-44f2-b143-d213dca04c2d_965804021.jpg,pop/rock
cf6e0c3b-6897-464e-8f12-c87c98792740,data/images/cf6e0c3b-6897-464e-8f12-c87c98792740_15532601143.jpg,pop/rock
58b8b2c6-f1e7-4d0f-b4f5-b43fbdaa7d95,data/images/58b8b2c6-f1e7-4d0f-b4f5-b43fbdaa7d95_22717740516.jpg,classical
8a8f6b41-ac37-376d-9a14-4836acdf3542,data/images/8a8f6b41-ac37-376d-9a14-4836acdf3542_17993980259.jpg,pop/rock
36bf758c-3ad0-392f-b125-88aa1a750f25,data/images/36bf758c-3ad0-392f-b125-88aa1a750f25_17051122164.jpg,pop/rock
36d61f7c-15bb-430d-b0fa-d57505e203ba,data/images/36d61f7c-15bb-430d-b0fa-d57505e203ba_29717642938.jpg,pop/rock
abc42f23-95db-4f44-b76b-8c3bf42577f6,data/images/abc42f23-95db-4f44-b76b-8c3bf42577f6_6331591127.jpg,classical
361a7d1f-71b2-3e0f-87ff-aabbfa717bbf,data/images/361a7d1f-71b2-3e0f-87ff-aabbfa717bbf_7880317431.jpg,pop/rock
0d78187b-479a-4875-b6c0-61cedcf10567,data/images/0d78187b-479a-4875-b6c0-61cedcf10567_14806839918.jpg,pop/rock
f50bb995-e28e-3fcd-9fc3-1e910fb8e51d,data/images/f50bb995-e28e-3fcd-9fc3-1e910fb8e51d_24836954945.jpg,international
3c0133b6-2326-3d60-8bee-914c31c7cf58,data/images/3c0133b6-2326-3d60-8bee-914c31c7cf58_3370544056.jpg,pop/rock
6f80be1f-6c86-4431-b8af-a84e43bb5628,data/images/6f80be1f-6c86-4431-b8af-a84e43bb5628_13710975357.jpg,classical
8a10ef49-ad7c-404c-9937-6727ee3a401e,data/images/8a10ef49-ad7c-404c-9937-6727ee3a401e_37690389601.jpg,pop/rock
d220d354-7c9c-3bff-9a72-54b6744ac8d6,data/images/d220d354-7c9c-3bff-9a72-54b6744ac8d6_2942879835.jpg,pop/rock
8a0d2db1-08b7-35db-b0da-0eef42ed24f1,data/images/8a0d2db1-08b7-35db-b0da-0eef42ed24f1_1669903011.jpg,pop/rock
925e33de-ee81-34f1-ad0c-478dfbe00cc4,data/images/925e33de-ee81-34f1-ad0c-478dfbe00cc4_4770990450.jpg,pop/rock
ad4dd7a6-ef28-439d-b5a2-090e239061eb,data/images/ad4dd7a6-ef28-439d-b5a2-090e239061eb_20656303247.jpg,pop/rock
e881ca28-809a-3a5e-abac-8e2c76097812,data/images/e881ca28-809a-3a5e-abac-8e2c76097812_36865604574.jpg,classical
79316a00-2a70-31c6-9294-b19bb64ef922,data/images/79316a00-2a70-31c6-9294-b19bb64ef922_28386913454.jpg,pop/rock
64c8dfcf-5aea-38f9-9f21-ad4af310a301,data/images/64c8dfcf-5aea-38f9-9f21-ad4af310a301_2943327223.jpg,classical
4c76ccd5-778e-37f0-b19a-b766735e23e7,data/images/4c76ccd5-778e-37f0-b19a-b766735e23e7_30341397667.jpg,jazz
e8fcc098-afbf-47cd-b8c6-0b1a9936ba29,data/images/e8fcc098-afbf-47cd-b8c6-0b1a9936ba29_9441740249.jpg,jazz
6a8db198-dae6-40c3-bc82-f2c92a8508e5,data/images/6a8db198-dae6-40c3-bc82-f2c92a8508e5_2139419699.jpg,pop/rock
dad95750-09a7-31be-9fd6-aea3c9d141e1,data/images/dad95750-09a7-31be-9fd6-aea3c9d141e1_33582043114.jpg,electronic
f8efef46-d7de-358b-b598-1da47e0b5131,data/images/f8efef46-d7de-358b-b598-1da47e0b5131_31995725425.jpg,pop/rock
6182b7b2-929a-3e04-a975-41431ee3e985,data/images/6182b7b2-929a-3e04-a975-41431ee3e985_9754626446.jpg,pop/rock
4c5d5f2d-4774-3590-afa3-4eaca40f0643,data/images/4c5d5f2d-4774-3590-afa3-4eaca40f0643_2457986918.jpg,pop/rock
fb87f985-de2b-4e25-9662-09717e73532f,data/images/fb87f985-de2b-4e25-9662-09717e73532f_5784674567.jpg,jazz
4254d4d5-090d-3537-b95c-049f1416d369,data/images/4254d4d5-090d-3537-b95c-049f1416d369_37995861935.jpg,pop/rock
1bb3f389-0656-3660-b5e5-a5cac04781cb,data/images/1bb3f389-0656-3660-b5e5-a5cac04781cb_26192471545.jpg,pop/rock
